-- --------------------------------------------------------
-- Host:                         127.0.0.1
-- Server version:               11.1.0-MariaDB - mariadb.org binary distribution
-- Server OS:                    Win64
-- HeidiSQL Version:             12.3.0.6589
-- --------------------------------------------------------

/*!40101 SET @OLD_CHARACTER_SET_CLIENT=@@CHARACTER_SET_CLIENT */;
/*!40101 SET NAMES utf8 */;
/*!50503 SET NAMES utf8mb4 */;
/*!40103 SET @OLD_TIME_ZONE=@@TIME_ZONE */;
/*!40103 SET TIME_ZONE='+00:00' */;
/*!40014 SET @OLD_FOREIGN_KEY_CHECKS=@@FOREIGN_KEY_CHECKS, FOREIGN_KEY_CHECKS=0 */;
/*!40101 SET @OLD_SQL_MODE=@@SQL_MODE, SQL_MODE='NO_AUTO_VALUE_ON_ZERO' */;
/*!40111 SET @OLD_SQL_NOTES=@@SQL_NOTES, SQL_NOTES=0 */;


-- Dumping database structure for indiaskills
DROP DATABASE IF EXISTS `indiaskills`;
CREATE DATABASE IF NOT EXISTS `indiaskills` /*!40100 DEFAULT CHARACTER SET utf8mb4 COLLATE utf8mb4_general_ci */;
USE `indiaskills`;

-- Dumping structure for table indiaskills.email_messages
DROP TABLE IF EXISTS `email_messages`;
CREATE TABLE IF NOT EXISTS `email_messages` (
  `id` int(11) NOT NULL AUTO_INCREMENT,
  `message` text DEFAULT NULL,
  `login_id` int(11) DEFAULT NULL,
  `cc` varchar(255) DEFAULT NULL,
  `to` varchar(255) DEFAULT NULL,
  `subject` varchar(255) DEFAULT NULL,
  `create_datetime` datetime DEFAULT NULL,
  PRIMARY KEY (`id`)
) ENGINE=InnoDB AUTO_INCREMENT=3 DEFAULT CHARSET=utf8mb4 COLLATE=utf8mb4_general_ci;

-- Dumping data for table indiaskills.email_messages: ~2 rows (approximately)
INSERT INTO `email_messages` (`id`, `message`, `login_id`, `cc`, `to`, `subject`, `create_datetime`) VALUES
	(1, '<p>test</p>\n', 69, '', 'dtspl2020@gmail.com', 'test', '2023-11-01 09:22:38'),
	(2, '<p>Testing Mail &nbsp;</p>\n', 77, 'kdevendra7999@gmail.com', 'pawancoder1@gmail.com', 'Testing Mail  ', '2023-11-01 12:24:55');

-- Dumping structure for table indiaskills.form1
DROP TABLE IF EXISTS `form1`;
CREATE TABLE IF NOT EXISTS `form1` (
  `id` int(11) NOT NULL AUTO_INCREMENT,
  `user_id` varchar(50) NOT NULL DEFAULT '0',
  `login_id` int(11) NOT NULL,
  `name` varchar(255) DEFAULT NULL,
  `company_name` varchar(255) DEFAULT NULL,
  `contact_no` varchar(20) DEFAULT NULL,
  `email` varchar(255) DEFAULT NULL,
  `city` varchar(255) DEFAULT NULL,
  `state` varchar(255) DEFAULT NULL,
  `phone` varchar(20) DEFAULT NULL,
  `postal_address` varchar(255) DEFAULT NULL,
  `applying_as_an` varchar(255) DEFAULT NULL,
  `upload_certificate` varchar(255) DEFAULT NULL,
  `problem_statements` varchar(255) DEFAULT NULL,
  `website_url` varchar(255) DEFAULT NULL,
  `company_turnover` varchar(50) DEFAULT NULL,
  `status` int(1) DEFAULT NULL,
  PRIMARY KEY (`id`)
) ENGINE=InnoDB AUTO_INCREMENT=55 DEFAULT CHARSET=utf8mb4 COLLATE=utf8mb4_general_ci;

-- Dumping data for table indiaskills.form1: ~10 rows (approximately)
INSERT INTO `form1` (`id`, `user_id`, `login_id`, `name`, `company_name`, `contact_no`, `email`, `city`, `state`, `phone`, `postal_address`, `applying_as_an`, `upload_certificate`, `problem_statements`, `website_url`, `company_turnover`, `status`) VALUES
	(41, 'dtspl2020@gmail.com', 69, 'admin', 'DTSPL', '1234567890', 'dtspl2020@gmail.com', 'Greater Noida ', 'Uttar Pradesh', '8929493730', 'Pachsheel Greens Greater Noida West Up 201306', 'Academic Institutions', NULL, 'App / framework for integration of surveillance wearables gadgets using IoTs and subsequent analysis & analytics using AI / ML', 'icbappliedscience.com', '245crores', 1),
	(42, 'ystaryansingh@gmail.com', 71, 'Aryan Singh', 'Mera SATHi', '8209429126', 'ystaryansingh@gmail.com', 'Kota', 'Rajasthan', '8209429126', 'Indra Gandhi Nagar Power House', 'Startup/MSME', NULL, 'App / framework for integration of surveillance wearables gadgets using IoTs and subsequent analysis & analytics using AI / ML', 'www.champsofsuccess.com', '5,00,000', 1),
	(43, 'adarshec.pandey8@gmail.com', 72, 'ADARSH PANDEY', 'ADARSH DRONE SYSTEM ', '9532713088', 'adarshec.pandey8@gmail.com', 'UTTAR PRADESH ', 'GHAZIABAD', '8076308851', 'G 303 JASMINE BLOCK NIHO SCOTTISH GARDEN AHINSHA KHAND 2 INDIRAPURAM GHAZIABAD 201014', 'Academic Institutions', NULL, 'Intelligent Traffic management- 5G enabled AI cameras crime scene management including 3D (AR / VR)', '', '0', 1),
	(44, 'innovatiostech@gmail.com', 78, 'Vishal Aditya', 'Innovatios Technology', '9304590542', 'innovatiostech@gmail.com', 'Bengaluru', 'Karnataka', '9304590542', 'Bengaluru', 'Startup/MSME', NULL, 'Intelligent Traffic management- 5G enabled AI cameras crime scene management including 3D (AR / VR)', 'https://aicams.co/', '56', 1),
	(45, 'gyanendra@tcoe.in', 76, 'Gyanendra Singh', 'TCoE India', '9839457197', 'gyanendra@tcoe.in', 'New Delhi', 'Delhi', '', '', 'Academic Institutions', NULL, '3D Capturing (AR / VR / XR) of crime scenes using 5G enabled devices also used for capacity building & operations', 'www.tcoe.nic.in', 'nothing', 1),
	(47, 'amitkumar86409k@gmail.com', 87, 'Pawan Saini', 'Pawanflex', '8126456433', 'sainipawan2929@gmaiil.com', 'Rampur', '244901', '8126456433', '', 'Startup/MSME', NULL, 'Develop a robust framework to get Real time location of mobile users with Internal authentication App (permissions)', '', '50 cr', 1),
	(48, 'pankaj@tcoe.in', 90, 'Pankaj Yadav', 'Test', '9999999999', 'pankaj@tcoe.in', 'Delhi', 'Delhi', '', '', 'Startup/MSME', NULL, '3D Capturing (AR / VR / XR) of crime scenes using 5G enabled devices also used for capacity building & operations', '', '123456', 1),
	(50, 'thakurrudrapratapsingh69@gmail.com', 92, 'THAKUR RUDRA PRATAP SINGH', 'NEA LIFE CARE', '8077438405', 'thakurrudrapratapsingh69@gmail.com', 'RUDRAPUR', 'UTTARAKHAND', '8077438405', 'B4-B5, Khasra 251/4, Bigwara Fulsungi Road, Rudrapur, Uttarakhand - 263153', 'Startup/MSME', NULL, 'Complaints are received at police stations. The gist of the complaint is typed into CCTNS', 'www.sites.google.com/view/nea-life-care', 'Approx. 19-20 lakhs', 1),
	(51, 'vanky@syook.com', 94, 'Vanky Kataria', 'Syook', '8668772214', 'vanky@syook.com', 'Bangalore', '-', '8668772214', '180, 2nd B Cross 4th Main, Domlur Second Stage, Bengaluru, India -560071', 'Startup/MSME', NULL, 'App / framework for integration of surveillance wearables gadgets using IoTs and subsequent analysis & analytics using AI / ML', 'https://www.syook.com/', '-', 1),
	(54, 'pawancoder1@gmail.com', 77, 'qqwqw', 'qwwq', '2323232323', 'sass@df.dsd', 'saswww', 'sasas', '323232323232', 'ass', 'Startup/MSME', 'upload_certificate_6544c88f1eed4.pdf', 'Develop a robust framework to get Real time location of mobile users with Internal authentication App (permissions)', '', '1212', 1);

-- Dumping structure for table indiaskills.form2
DROP TABLE IF EXISTS `form2`;
CREATE TABLE IF NOT EXISTS `form2` (
  `id` int(11) NOT NULL AUTO_INCREMENT,
  `user_id` varchar(50) DEFAULT NULL,
  `login_id` int(11) NOT NULL,
  `domain` text DEFAULT NULL,
  `brief_solution` text DEFAULT NULL,
  `technical_details_link` varchar(255) DEFAULT NULL,
  `point_presentation` varchar(255) DEFAULT NULL,
  `point_presentationlink` varchar(255) DEFAULT NULL,
  `point_presentationfile` varchar(255) DEFAULT NULL,
  `stag_of_product` text DEFAULT NULL,
  `proof_for_poC` varchar(255) DEFAULT NULL,
  `proof_for_poCFile` varchar(255) DEFAULT NULL,
  `proof_for_poCLink` varchar(255) DEFAULT NULL,
  `patent_product` varchar(3) DEFAULT NULL,
  `application_number` varchar(255) DEFAULT NULL,
  `date_of_filing` date DEFAULT NULL,
  `country` varchar(255) DEFAULT NULL,
  `validated` varchar(255) DEFAULT NULL,
  `validatedFile` varchar(255) DEFAULT NULL,
  `validatedLink` varchar(255) DEFAULT NULL,
  `validation_details_link` varchar(255) DEFAULT NULL,
  `validation_details` varchar(255) DEFAULT NULL,
  `similar_product` varchar(3) DEFAULT NULL,
  `advantage_details_link` varchar(255) DEFAULT NULL,
  `products_lassifies_as_a_5G` text DEFAULT NULL,
  `attachment` text DEFAULT NULL,
  PRIMARY KEY (`id`)
) ENGINE=InnoDB AUTO_INCREMENT=48 DEFAULT CHARSET=utf8mb4 COLLATE=utf8mb4_general_ci;

-- Dumping data for table indiaskills.form2: ~6 rows (approximately)
INSERT INTO `form2` (`id`, `user_id`, `login_id`, `domain`, `brief_solution`, `technical_details_link`, `point_presentation`, `point_presentationlink`, `point_presentationfile`, `stag_of_product`, `proof_for_poC`, `proof_for_poCFile`, `proof_for_poCLink`, `patent_product`, `application_number`, `date_of_filing`, `country`, `validated`, `validatedFile`, `validatedLink`, `validation_details_link`, `validation_details`, `similar_product`, `advantage_details_link`, `products_lassifies_as_a_5G`, `attachment`) VALUES
	(39, 'dtspl2020@gmail.com', 69, 'asfagsddsgfdgjdfhkfjhlkdgfhhdfjhfgjj', 'asfagsddsgfdgjdfhkfjhlkdgfhhdfjhfgjjasfagsddsgfdgjdfhkfjhlkdgfhhdfjhfgjjasfagsddsgfdgjdfhkfjhlkdgfhhdfjhfgjjasfagsddsgfdgjdfhkfjhlkdgfhhdfjhfgjjasfagsddsgfdgjdfhkfjhlkdgfhhdfjhfgjjasfagsddsgfdgjdfhkfjhlkdgfhhdfjhfgjj', 'https://digitalduniya.com/', 'https://digitalduniya.com/', NULL, NULL, 'asfagsddsgfdgjdfhkfjhlkdgfhhdfjhfgjjasfagsddsgfdgjdfhkfjhlkdgfhhdfjhfgjjasfagsddsgfdgjdfhkfjhlkdgfhhdfjhfgjjasfagsddsgfdgjdfhkfjhlkdgfhhdfjhfgjjasfagsddsgfdgjdfhkfjhlkdgfhhdfjhfgjjasfagsddsgfdgjdfhkfjhlkdgfhhdfjhfgjjasfagsddsgfdgjdfhkfjhlkdgfhhdfjhfgjj', 'https://digitalduniya.com/', NULL, NULL, 'yes', '231566sfg', '2023-11-14', 'India', 'yes', NULL, NULL, 'https://digitalduniya.com/', NULL, 'yes', NULL, 'asfagsddsgfdgjdfhkfjhlkdgfhhdfjhfgjjasfagsddsgfdgjdfhkfjhlkdgfhhdfjhfgjjasfagsddsgfdgjdfhkfjhlkdgfhhdfjhfgjjasfagsddsgfdgjdfhkfjhlkdgfhhdfjhfgjjasfagsddsgfdgjdfhkfjhlkdgfhhdfjhfgjjasfagsddsgfdgjdfhkfjhlkdgfhhdfjhfgjj', 'file_6541c1802a8f2.pdf'),
	(40, 'adarshec.pandey8@gmail.com', 72, 'The problem of detecting, recognizing, and tracking people from a drone has become of paramount importance in many video surveillance applications.\r\nOne of the first works that investigated the issues and the challenges of performing face recognition with drone-captured images was  The work in introduced the case of UAV-based crowd surveillance applying facial recognition tools. To perform face recognition, the simple Local Binary Pattern Histogram method from the Open Source Computer Vision (OpenCV) was used. In [7], Hsu et al. investigate how altitudes, distances, and angles of depression influence the performance of face detection and recognition by drones. In the same article, the authors present a dataset for the evaluation of facial recognition algorithms from drone images, called DroneFace.', 'a system able to track a specific person in the case of multi-person interference. Such a system automatically takes a photo of the target’s frontal face, without the use of facial recognition. After boxing out the target on the image received by the ground station, the drone (a Parrot Bebop2) flies around the target person, mounting onboard an RGB camera, which automatically keeps shooting in the horizontal direction with a resolution of 640 × 480 pixels. In their experiment, the authors of set the flying height at about 2 m, while the distance between the target person and the drone ranged from 4 to 5 m. Such conditions are very different from ours, as will be explained in the following.\r\nIn , the authors used a camera mounted on board of a drone while the algorithms for face recognition running on a computer on the ground. After scanning the faces and comparing them to the provided database, the output obtained has the individual’s face highlighted in a square with a color-coding sequence (white, green, or red). However, no information about the height of the drone is given, neither about the weather conditions. Moreover, no detail is given on the algorithm used for facial recognition.', 'https://www.researchgate.net/publication/347805828_Applications_and_Challenges_in_Video_Surveillance_via_Drone_A_Brief_Survey/link/601a48e0299bf1cc269ce4ac/download', 'https://www.eucnc.eu/wp-content/uploads/2020/07/2020-05-29-6G.-Why-Nicolas-Demassieux-EUCNC-VDEF.pdf', NULL, NULL, 'Intelligent cameras have recently seen a large diffusion and represent a low-cost solution for improving public security in many scenarios. Moreover, they are light enough to be lifted by a drone. The use of drones equipped with intelligent cameras for face/object recognition has already been reported in the literature. However, this is the first time that such a solution is tested in a 5G environment. The experiments have shown the validity of the approach despite the very harsh conditions in which our drone operated, due to the strong winds blowing at a height of 40 m from the ground. We flew at 40 m because with the camera used in our setup we saw that with a height of more than 50 m the bounding boxes of the detected faces are too small for having a good face recognition.\r\nIn our applications, the visual information recorded by the camera (photo and video) is first transmitted to the ground by using the 5G wireless network and then is processed by using Artificial Intelligence technologies based on deep learning. We point out that recognizing in real-time a face of a person or a specific object in motion, is now within the reach of a home computer, thanks to the processing power of graphics cards equipped with the most recent Graphics Processing Units.The process of detecting a person’s identity through his/her face is often referred to as facial recognition. Typically, facial recognition in images is performed through two distinct phases. In the first phase, usually referred to as face detection, the system detects a face appearing within an image. Specifically, when an original image is processed, a set of new images is produced as a result. Each of these contains the face of a person appearing in the original image. The second phase is devoted to the recognition of the identities of the people to whom the identified faced belong. This is usually the most complex procedure and requires both a database, with which the faces detected have to be compared, and an algorithm for the face comparison. In the literature, this process is often referred to as face verification and has been the subject of great developments in recent years thanks to deep learning technologies. Although facial recognition has been intensively studied for many years, only recently it was applied to images recorded by drones. Indeed, the interest in computer vision applications applied to images taken by drones is constantly growing, due to their low-cost and the enormous technological progress they have had in recent years.', '', NULL, NULL, 'no', '', '0000-00-00', '', 'no', NULL, NULL, '', NULL, 'no', NULL, 'Undergoing 6G designs will involve not only ground network deployments, but integrated architectures interconnecting space, air, ground and sea, providing 3D coverage involving space, time, and frequency domains, which will be exploited in all transport means [21]. Advances such as tactile communications, quantum computing, Distributed Ledger Technology (DLT), THz communications, Machine Learning (ML)-based network resiliency and slicing, multiple radio access technologies, intelligent reflecting surfaces, or the integration of cloud–edge–fog, will be part of the future V2X ecosystem [22]. V2X involves communications among vehicles (V2V), with infrastructure elements (V2I), with remote entities (e.g., cloud servers), and even with pedestrian (Vehicle-to-Pedestrian — V2P). This way, current use cases identified for Cellular V2X (C-V2X) in [23], i.e., remote driving, advanced driving, vehicle platooning, extended sensors, and vehicle QoS support, will be extended to enable more advanced features for each of these groups as well as other revolutionary applications exploiting expected 6G performances. The list of potential V2X services to be developed thanks to 6G advances is continuously increasing [21], [24], [25]. Evolutionary 6G applications considering already in-mind services using 5G are depicted in Fig. 1 and include:\r\n\r\n    •\r\n\r\n    Autonomous driving up to level 5. According to SAE taxonomy [26], this involves autonomous driving with no human intervention. Especial emphasis will be put on last-mile (domestic) transportation.\r\n\r\n    Current status: Integration of 5G communications and involved technologies for enabling cooperative perception is a reality in autonomous vehicles, as recent studies indicate [27], [28]. Although mass-market deployment is pending, the potential of base 5G-NR has been tested on real roads within the frame of different research projects [29]. These works indicate that communications will be essential to complement data coming from on-board sensors, such as cameras or laser and ultrasound radars.\r\n    •\r\n\r\n    Enhanced navigation. Thanks to improvements expected in the radio access level and drone/satellite support, positioning of sub-meter accuracy is expected, as well as extra bandwidth and network availability to receive digital maps and real-time traffic information.\r\n\r\n    Current status: The role of accurate 5G positioning is clear in the literature [30]. Improved capabilities, as compared to regular GPS, can enhance perception, decision making and control in the vehicular domain. Recent studies indicate real performances at the centimetre level [31], enabling real identification of vehicle paths within the road lane, for instance.\r\n    •\r\n\r\n    Environmental perception. Ubiquitous network access will help vehicles exchange perception data detected by themselves and by especial hardware such as drones or static high-resolution equipment forming part of the vehicular fixed infrastructure.\r\n\r\n    Current status: The work in [32] shows a clear example on how 5G connectivity support data exchange to create a collaborative map to support navigation. In [33], the authors propose using 5G advances to speed-up an ML-based perception scheme by assuring efficient message passing. A more common scenario is exploited in [34] for enabling autonomous management of a road intersection, in this case enhanced by communications in the millimetre-wave bands of 5G.\r\n    •\r\n\r\n    In-vehicle entertainment. Enhanced Ultra Mobile Broadband (eUMBB) and massive connectivity will enable true bidirectional 4 K/8K multimedia streams as well as truly immersing applications leveraging the advances brought by the tactile Internet and five-sense communications.\r\n\r\n    Current status: User experience will improve greatly with the integration of more efficient communications, as it is the case of the car cockpit, offering more accurate views of maps, instantaneous user assistance or access to multimedia content [35]. Live video is a common use case for evaluating data rate, given high throughput demands, but 5G technologies such as radio improvements and MEC have demonstrated to support multimedia streams efficiently under real settings [36].\r\n    •\r\n\r\n    Extended emergency services. Aiming at further extending safe driving, Massive Ultra-Reliable and Low Latency communications (mURLL) and ultra massive Machine Type Communications (umMTC) will be supported by Visible Light Communications (VLC) and other transmission technologies, including solutions currently devoted to Internet of Things (IoT) scenarios, e.g., Low Power Wide Area Network (LPWAN). Furthermore, DLT-based solutions and quantum security will assure cybersecurity in the long term.\r\n\r\n    Current status: The integration of QoS assurance mechanisms in 5G has been exploited, for instance, to guarantee network access at emergency situations, as explained in [37]. The regular eCall services will be also subject to improvements with 5G, as proposed in [38], with a smart-phone-based accident notification service that can work at particular locations with ad-hoc network infrastructures such as tunnels.\r\n    •\r\n\r\n    Connectivity of personal mobility vehicles. A reduction in the energy impact per bit transmitted will enable the connection of personal vehicles such as bikes or scooters using 3GPP technologies, which traditionally involve higher power consumption than LPWAN counterparts.\r\n\r\n    Current status: Given the popularity of eco-efficient personal vehicles, their integration within the C-ITS ecosystem is attracting great attention from the research community. Current efforts focus on the development of efficient and light OBUs [39] that could provide extra services to riders [40]. To this end, there are key enabling technologies from both communication and computation perspectives. Considering the former, as mentioned previously, current LPWAN solutions, e.g., LoRaWAN, Sigfox, NB-IoT, etc., are considered as the most suitable alternatives given their long transmission distances and limited energy consumption. However, the arrival of efficient 6G transmission schemes will allow the connectivity of IoT devices in a long-term basis [41]. Regarding on-board computation, algorithms based on the TinyML paradigm can provide intelligent data-processing and decision-making with low computational overhead [42]. Other proposals adopt paradigms such as fog computing [43], computation offloading [44], or Federated Learning (FL) [45] to distribute computing-intensive tasks and alleviate energy consumption.\r\n    •\r\n\r\n    Green traffic management. Massive equipment of connected devices will improve On-Board Unit (OBU) penetration rates, making real-time traffic management a reality and embracing scenarios such as efficient platooning, adaptive traffic lights, pollution control, on-demand green and speedy routes or emergency tracks.\r\n\r\n    Current status: Advances in platooning are a good example of exploiting 5G PC5 capabilities. In [46], the authors study this potential to create high-density platoons, taking advantage of 5G for positioning, low-latency communications and reliable connections to save fuel and reduce pollution. Emergency warning and collision avoidance services are implemented in [47], by using V2I and PC5 communications, showing the flexibility of 5G when different communication patterns are needed.\r\n\r\nMoreover, the arrival of 6G will enable other disruptive services, thanks to radical improvements in networking and processing performance, technology penetration and consequent electronic advances. Some of these applications will be:', ''),
	(42, 'amitkumar86409k@gmail.com', 87, 'sdfsfsdfsdf', 'dfsdfsdfsdf', 'https://drive.google.com/file/d/1c-8JENXl793Tq-TL7wlZ7T2Di4luJfdu/view?usp=sharing', 'https://drive.google.com/file/d/1c-8JENXl793Tq-TL7wlZ7T2Di4luJfdu/view?usp=sharing', NULL, NULL, 'sdfsfsf', 'https://drive.google.com/file/d/1c-8JENXl793Tq-TL7wlZ7T2Di4luJfdu/view?usp=sharing', NULL, NULL, 'yes', '4343434343', '2023-11-03', 'Japan', 'no', NULL, NULL, '', NULL, 'no', NULL, 'sdfsdfsdfs', ''),
	(43, 'pankaj@tcoe.in', 90, 'Vbjjnhgggb', 'Nnkknggg', 'Hjjnnn', 'Kkmnnbb', NULL, NULL, '1', 'Hjjjbv', NULL, NULL, 'no', '', '0000-00-00', '', 'no', NULL, NULL, '', NULL, 'no', NULL, 'Hjhvv', ''),
	(44, 'dheerajs.1994@bprd.nic.in', 74, 'YES', 'YES', 'YES', 'YES', NULL, NULL, 'YES', '', NULL, NULL, 'no', '', '0000-00-00', '', 'no', NULL, NULL, '', NULL, 'no', NULL, '', ''),
	(47, 'pawancoder1@gmail.com', 77, 'sfsdafs', 'asdfsdaf', 'https://webformatter.com/php', 'file', '', 'point_presentationfile_6544eacb1c4aa.pdf', 'TRL4 Bench Scale Research', 'none', NULL, '', 'yes', '!!!!!!', '2023-11-03', 'Country', 'none', '', '', NULL, NULL, 'yes', NULL, 'Describe how your solution or products classifies as a 5G/6G use case. What are the challenges faced from other network connectivity solutions (3G/4G)', 'attachment_6544ead758d61.pdf');

-- Dumping structure for table indiaskills.form3
DROP TABLE IF EXISTS `form3`;
CREATE TABLE IF NOT EXISTS `form3` (
  `id` int(11) NOT NULL AUTO_INCREMENT,
  `indian_citizen` text DEFAULT NULL,
  `id_proof` text DEFAULT NULL,
  `user_id` varchar(50) DEFAULT NULL,
  `login_id` int(11) NOT NULL,
  `declare` varchar(50) DEFAULT NULL,
  PRIMARY KEY (`id`)
) ENGINE=InnoDB AUTO_INCREMENT=58 DEFAULT CHARSET=utf8mb4 COLLATE=utf8mb4_general_ci;

-- Dumping data for table indiaskills.form3: ~9 rows (approximately)
INSERT INTO `form3` (`id`, `indian_citizen`, `id_proof`, `user_id`, `login_id`, `declare`) VALUES
	(48, 'indian_citizen_6541c18f3fd36.pdf', 'id_proof_6541c18f4019e.pdf', 'dtspl2020@gmail.com', 69, 'yes'),
	(49, 'indian_citizen_6541d24dde90a.pdf', 'id_proof_6541d24de38e6.jpg', 'adarshec.pandey8@gmail.com', 72, 'yes'),
	(51, 'indian_citizen_654200eeb67a9.pdf', 'id_proof_654200eeb6907.pdf', 'amitkumar86409k@gmail.com', 87, 'yes'),
	(52, 'indian_citizen_654231a76f5f5.jpg', 'id_proof_654231a76f92e.jpg', 'dheerajs.1994@bprd.nic.in', 74, 'yes'),
	(53, 'indian_citizen_6544cbb167802.pdf', 'id_proof_6544cbb16850a.pdf', 'pawancoder1@gmail.com', 77, 'yes'),
	(54, 'indian_citizen_6544cbeade3d0.pdf', 'id_proof_6544cbeadf4df.pdf', 'pawancoder1@gmail.com', 77, 'yes'),
	(55, '', '', NULL, 77, NULL),
	(56, 'indian_citizen_6544ce77432e2.pdf', 'id_proof_6544ce7743af9.pdf', 'pawancoder1@gmail.com', 77, 'yes'),
	(57, 'indian_citizen_6544ebd059e67.pdf', 'id_proof_6544ebd05a57f.pdf', 'pawancoder1@gmail.com', 77, 'yes');

-- Dumping structure for table indiaskills.form_status
DROP TABLE IF EXISTS `form_status`;
CREATE TABLE IF NOT EXISTS `form_status` (
  `id` int(11) NOT NULL AUTO_INCREMENT,
  `user_id` varchar(50) NOT NULL DEFAULT '',
  `login_id` int(11) NOT NULL,
  `application_id` varchar(50) NOT NULL DEFAULT '',
  `form1` tinyint(4) DEFAULT NULL,
  `form2` tinyint(4) DEFAULT NULL,
  `form3` tinyint(4) DEFAULT NULL,
  `last_submited_form` tinyint(2) NOT NULL,
  `last_submited_date` datetime NOT NULL,
  `form_status` tinyint(1) NOT NULL,
  `application_status` tinyint(1) NOT NULL,
  `remark` text NOT NULL,
  `create_datetime` datetime NOT NULL,
  `modify_datetime` datetime DEFAULT NULL,
  PRIMARY KEY (`id`)
) ENGINE=InnoDB AUTO_INCREMENT=54 DEFAULT CHARSET=utf8mb4 COLLATE=utf8mb4_general_ci;

-- Dumping data for table indiaskills.form_status: ~10 rows (approximately)
INSERT INTO `form_status` (`id`, `user_id`, `login_id`, `application_id`, `form1`, `form2`, `form3`, `last_submited_form`, `last_submited_date`, `form_status`, `application_status`, `remark`, `create_datetime`, `modify_datetime`) VALUES
	(40, 'dtspl2020@gmail.com', 69, 'VMSH20230000040', 1, 1, 1, 3, '2023-11-01 08:38:47', 2, 2, '', '2023-11-01 08:38:47', '2023-11-01 08:41:56'),
	(41, 'ystaryansingh@gmail.com', 71, 'VMSH20230000041', 1, 1, 1, 3, '2023-11-01 09:00:05', 0, 0, '', '2023-11-01 09:00:05', NULL),
	(42, 'adarshec.pandey8@gmail.com', 72, 'VMSH20230000042', 1, 1, 1, 3, '2023-11-01 09:07:14', 2, 1, '', '2023-11-01 09:07:14', '2023-11-01 09:55:49'),
	(43, 'innovatiostech@gmail.com', 78, 'VMSH20230000043', 1, 1, 1, 3, '2023-11-01 10:50:55', 0, 0, '', '2023-11-01 10:50:55', NULL),
	(44, 'gyanendra@tcoe.in', 76, 'VMSH20230000044', 1, 1, 1, 3, '2023-11-01 11:49:04', 0, 0, '', '2023-11-01 11:49:04', NULL),
	(46, 'amitkumar86409k@gmail.com', 87, 'VMSH20230000046', 1, 1, 1, 3, '2023-11-01 13:09:31', 2, 1, '', '2023-11-01 13:09:31', '2023-11-01 13:18:46'),
	(47, 'pankaj@tcoe.in', 0, 'VMSH20230000047', 1, 1, NULL, 2, '2023-11-01 15:03:09', 0, 0, '', '2023-11-01 15:03:09', '2023-11-01 15:04:18'),
	(49, 'thakurrudrapratapsingh69@gmail.com', 0, 'VMSH20230000049', 1, NULL, NULL, 1, '2023-11-01 21:03:49', 0, 0, '', '2023-11-01 21:03:49', NULL),
	(50, 'vanky@syook.com', 0, 'VMSH20230000050', 1, NULL, NULL, 1, '2023-11-02 10:45:53', 0, 0, '', '2023-11-02 10:45:53', NULL),
	(53, 'pawancoder1@gmail.com', 77, 'VMSH20230000053', 1, 1, 1, 3, '2023-11-03 15:46:34', 2, 1, '', '2023-11-03 15:46:34', '2023-11-03 18:17:22');

-- Dumping structure for table indiaskills.login
DROP TABLE IF EXISTS `login`;
CREATE TABLE IF NOT EXISTS `login` (
  `LoginId` int(11) NOT NULL AUTO_INCREMENT,
  `UserId` varchar(50) NOT NULL,
  `UserName` text NOT NULL,
  `ContactNo` varchar(10) NOT NULL,
  `Password` text NOT NULL,
  `ActivationCode` varchar(6) NOT NULL DEFAULT '',
  `UserLevel` int(1) NOT NULL,
  `IsActive` int(1) NOT NULL DEFAULT 1 COMMENT '0 : de-active user\r\n1 : active user',
  `WrongAttempt` int(11) NOT NULL,
  `IsPasswordChanged` int(11) NOT NULL,
  `CurrentLoginTime` datetime NOT NULL,
  `LastLoginTime` datetime DEFAULT NULL,
  `SessionId` varchar(150) NOT NULL,
  `CreatedAt` timestamp NOT NULL DEFAULT current_timestamp() ON UPDATE current_timestamp(),
  PRIMARY KEY (`LoginId`) USING BTREE
) ENGINE=InnoDB AUTO_INCREMENT=96 DEFAULT CHARSET=utf8mb4 COLLATE=utf8mb4_general_ci;

-- Dumping data for table indiaskills.login: ~30 rows (approximately)
INSERT INTO `login` (`LoginId`, `UserId`, `UserName`, `ContactNo`, `Password`, `ActivationCode`, `UserLevel`, `IsActive`, `WrongAttempt`, `IsPasswordChanged`, `CurrentLoginTime`, `LastLoginTime`, `SessionId`, `CreatedAt`) VALUES
	(14, 'bprd@gmail.com', 'Vimarsh Admin ', '8602375785', 'cff11143cbb08722ae3b144e2bce78bee54658c03d08b0454cab579da3127cdd018f4450d89bc6e422e59a52718d2f6b4c3b15b947c95457dd43163bc1f1246c', '', 1, 1, 0, 0, '2023-11-02 18:11:48', NULL, '9b60c531f7ea206a1b42e7c1d9d983d323c01a0a8b684ce71165b9435cc460af9cd5132600a6e7cabd9d2eeb15e014ec22a79528477edbdc769b4dbc3a59f0f8', '2023-11-02 12:41:48'),
	(66, 'ceo@kdrsoftsolutions.com', 'K JAGADISH BABU', '7399884433', '64fecf8ae3dbc07e56fca6b0e05cb88fa0c99b0fa84a4087e2189c12778ae6e1d0205888d155a0a2c23f261347074b489208d839696d1bdc6da73f94a41bbc82', '145738', 2, 1, 0, 0, '2023-11-01 04:20:47', NULL, '9bda67c58a487c96d764e6f79e550f38157b78417bc14695a6b69ff673cbb972fcd6a13203ccd388dd4ccfb9a99d542ebb101a9fd225b826e1efe98a9d0ce4c2', '2023-10-31 22:50:47'),
	(67, 'sumedhasrivastava651@gmail.com', 'Sumedha Srivastava', '8005115640', '328c18f64476e16a018adf5d0d1c7308afeb5636a09c4919661bf2f099046d74ab3c9bdf0a920c9ced608e4c2eea99da14904d67a8044e5876da05bec3010b0a', '493216', 2, 1, 0, 0, '2023-11-01 05:40:09', NULL, '5b97b229f5cd74fe74b6517fcad7d78836060b637e3f08bc0b4ab16e96ff78709868f020f121ef0257e1bd474a44a4436c7571a07042e0cb6e188e91a8532bf0', '2023-11-01 00:14:35'),
	(69, 'dtspl2020@gmail.com', 'Ompal', '9910700357', '7df18b45d1d19b6194aef483b0c6d376f9a3cc925f2a919aac149e32d11a1665233ee835942fe9a01b3b012f82d9760d4be148e35ea109085a3fe49a86e153a2', '197263', 2, 1, 0, 0, '2023-11-01 08:58:18', NULL, '2a0d6b7c1fda60f2f6962e67d1b75e2780f7f17679b7ce71e78edf38fb4ea9d84487157810c755475865c81f303f954119bebfd9f9a383aea1e34f0bd4d18c39', '2023-11-01 03:28:18'),
	(70, 'ystrayansingh@gmail.com', 'Aryan Singh', '8209429126', '5cff09b6aaf65bf2c3dd324e62cf5f1c537967abbd919901ee36907408d6ce8a90731a4c51679dbf68203964a979e9b837435fe910be7aaf0c3c78a6c1efeacb', '802519', 2, 0, 0, 0, '0000-00-00 00:00:00', NULL, '', '2023-11-01 03:26:01'),
	(71, 'ystaryansingh@gmail.com', 'Aryan Singh', '8209429126', '5cff09b6aaf65bf2c3dd324e62cf5f1c537967abbd919901ee36907408d6ce8a90731a4c51679dbf68203964a979e9b837435fe910be7aaf0c3c78a6c1efeacb', '628914', 2, 1, 0, 0, '2023-11-01 08:58:04', NULL, 'eeba8e1846ca54042df4045c5bc39e2a418400f71365c1ffa5f042c2f1a5aad7cfc608e516e16f7ac6820ac61f25462d0c88d952107e6a9b236fac36ac7512e2', '2023-11-01 03:28:04'),
	(72, 'adarshec.pandey8@gmail.com', 'ADARSH PANDEY', '8076308851', '02be9ec5031aa220ea4ad92630dd77c08166b28304e3373f718408b67572eb4996693fa8a86346ed08f01dc209f547387d65e9e694efcabf5dca054fcfbf938e', '073816', 2, 1, 0, 0, '2023-11-01 09:04:56', NULL, '3712ee7595134ae0ece055a77338de7a999f85d90e78e081e22d224590a4b3862c18b5937ae202395587a510a7dd456a644a4ef0916a68d97031501a74adf83d', '2023-11-01 03:34:56'),
	(73, 'ompal201607@gmail.com', 'admin', '8929493730', '7df18b45d1d19b6194aef483b0c6d376f9a3cc925f2a919aac149e32d11a1665233ee835942fe9a01b3b012f82d9760d4be148e35ea109085a3fe49a86e153a2', '307815', 2, 1, 0, 0, '2023-11-01 09:39:44', NULL, 'ea2e2167fd585017d16aa0689e126c1dad84b831d39319741363d2d181b46445dc5fcc4dc462b6b62f0ee8d2654f25185fc010080f6449077747bff8508ffdc3', '2023-11-01 04:09:44'),
	(74, 'dheerajs.1994@bprd.nic.in', 'Dheeraj Sharma', '7042857959', 'b6cba07a7f60ff479753ca702197e78d8be47deada6d2d3b6db2464f116d5ec5359b30dc5da42813fe745ecb6eb18de4327c590e3127268e6de269a7fb71a00e', '402375', 2, 1, 0, 0, '2023-11-01 12:57:23', NULL, '2e30069705bbb698f837cc68b550f5fd2d43324333046ef1d300e07b84b711b0fc115064f8674e091b38e5542396403160826040daa056671a0bf0807de85297', '2023-11-01 07:27:23'),
	(75, 'jerovin23261@iiitd.ac.in', 'Jerovin Floyd', '8754353661', '34dea256057583a9b17fb003c00a46cae214779f9dee03310f2598e88ea752c4ec6fdad89ba515cb8a1905c899669a1dd170e46c5772e13ad3b7fbba8e04e51d', '832791', 2, 1, 0, 0, '2023-11-01 10:04:24', NULL, '4a493f5c159353ba2aaefa1d93f90698febe1a696d88697a3e47252a3c98d7d2f8da6db158f045f64b91f86e2c7adcbe40a28730c1acc29fc0ca0b3f186c040a', '2023-11-01 04:34:24'),
	(76, 'gyanendra@tcoe.in', 'Gyanendra Singh', '9839457197', 'b917b34808d4b45e0245c4f97027490f3ae3cac6ede302754221c777dea04ca8b352f12f3f86d972d06bbae1003c086d9555236ff85c7ffb26d9bbfde814d4e6', '629543', 2, 1, 0, 0, '2023-11-02 10:41:37', NULL, '79299e454a168315cc0a048bc767ae5ee4cb929a12dedba9564fbce614d81858961da1c6ead4cc37e415b64191c737c2d30460718f7bb54ba4bb8f83f09f87cd', '2023-11-02 05:11:37'),
	(77, 'pawancoder1@gmail.com', 'Pawan coder', '8126456433', '7df18b45d1d19b6194aef483b0c6d376f9a3cc925f2a919aac149e32d11a1665233ee835942fe9a01b3b012f82d9760d4be148e35ea109085a3fe49a86e153a2', '426397', 2, 1, 0, 0, '2023-11-03 16:35:51', NULL, 'a456745166ab04157167a63e32f01c17626115a2140fbb0afc2eac35e56c376da9133a3e460e82542a192aef45f2a7e43c112e2fb10f98b622297e4a8ceeb820', '2023-11-03 11:05:51'),
	(78, 'innovatiostech@gmail.com', 'Vishal Aditya', '9304590542', '2079d052ac23bce7314780357effde644a348f7baf73286aae63b12a5a822a9da4ecb481c4089bc8a53408e3bd5f1825598ab10bc00ea708ff15679245367c4d', '624315', 2, 1, 0, 0, '2023-11-01 10:49:22', NULL, 'be76c2fe7d2a2f8aaa298a8e1503fe047c0633941626b180317ceb38aa3802d2389ddc6dac4b75b3de7ad1e2b19e24d23e449de64569dee112139eb78b18513f', '2023-11-01 05:19:22'),
	(79, 'ompal_25@yahoo.in', 'Ompal', '8929493730', '7df18b45d1d19b6194aef483b0c6d376f9a3cc925f2a919aac149e32d11a1665233ee835942fe9a01b3b012f82d9760d4be148e35ea109085a3fe49a86e153a2', '130258', 2, 1, 0, 0, '0000-00-00 00:00:00', NULL, '', '2023-11-01 05:29:58'),
	(80, 'jayant@nayantech.com', 'Jayant Ratti', '9899398646', '2ea8f428b31534f42d20c85a1c49200c16a09a3618af73b78c624941834d231053318e7e00de060825ef23ce40cafac059aa54905f6f6c02696b6b18c6f0d7ed', '284910', 2, 0, 0, 0, '0000-00-00 00:00:00', NULL, '', '2023-11-01 05:47:14'),
	(81, 'rago21aiml@cmrit.ac.in', 'Rajat gosal', '8700254794', 'b43112410b0a96ed92e76f0d5d5f3258767b2a58876e220c076bfb335306379011b47bbe6eb80b63a87203b5839495c3e18e191b5bcb4b1d72d3976f6e9ce65d', '492076', 2, 1, 0, 0, '2023-11-01 11:38:00', NULL, '1dfca2d034e5a1e4661cb7be779e88d03163e9458bd5d4dc468297a9c0420c689097753f541ebddf8b6578f4fc9d16034d60ca94a08f1d3fb964c526658385c3', '2023-11-01 06:08:00'),
	(82, 'sainipawan2929@gmaiil.com', 'CST Invoice', '8126456433', '7df18b45d1d19b6194aef483b0c6d376f9a3cc925f2a919aac149e32d11a1665233ee835942fe9a01b3b012f82d9760d4be148e35ea109085a3fe49a86e153a2', '821465', 2, 0, 0, 0, '0000-00-00 00:00:00', NULL, '', '2023-11-01 06:32:37'),
	(83, 'designchipweb@gmail.com', 'Anuj Sharma', '8168909759', '1d713ea149b203bbec5f9cafd0ba23f2f8a7db16bef9b38b274c9df08bef7cefdeecf3b7937b75b328260a5f31ccbf59c03cf5efe57039f1831ce89ad355e27a', '653809', 2, 1, 0, 0, '0000-00-00 00:00:00', NULL, '', '2023-11-01 06:52:08'),
	(84, 'ncric-contdev@bprd.nic.in', 'Farhan Sumbul', '9898989898', 'fa585d89c851dd338a70dcf535aa2a92fee7836dd6aff1226583e88e0996293f16bc009c652826e0fc5c706695a03cddce372f139eff4d13959da6f1f5d3eabe', '831257', 2, 1, 0, 0, '2023-11-01 12:51:26', NULL, '13e5fb9d94b0f66d6a2b348f4458dda33e4749879fd7213b7af3569e2d06f418c006415b6013fec0eb555420bb41fe62fd6d79abbe5f3df10b5fed79e193eacf', '2023-11-01 07:21:26'),
	(85, 'ompal_y@yahoo.com', 'Ompal', '9910700357', '7df18b45d1d19b6194aef483b0c6d376f9a3cc925f2a919aac149e32d11a1665233ee835942fe9a01b3b012f82d9760d4be148e35ea109085a3fe49a86e153a2', '598413', 2, 1, 0, 0, '0000-00-00 00:00:00', NULL, '', '2023-11-01 07:03:26'),
	(86, 'amitkumar86409@gmail.com', 'Mohit', '1234568789', '7df18b45d1d19b6194aef483b0c6d376f9a3cc925f2a919aac149e32d11a1665233ee835942fe9a01b3b012f82d9760d4be148e35ea109085a3fe49a86e153a2', '970561', 2, 0, 0, 0, '0000-00-00 00:00:00', NULL, '', '2023-11-01 07:37:35'),
	(87, 'amitkumar86409k@gmail.com', 'Dani Daniels', '1234567890', '7df18b45d1d19b6194aef483b0c6d376f9a3cc925f2a919aac149e32d11a1665233ee835942fe9a01b3b012f82d9760d4be148e35ea109085a3fe49a86e153a2', '912856', 2, 1, 0, 0, '2023-11-01 13:28:52', NULL, '623d942d12364505c22af1468bf94233d5e71d6a46492c9385e6f8ce6aea873cb5e998f1e3ce8f6d7ef93280ea4921646febc0a8d0c15f9d7cc3ae203a66ab71', '2023-11-01 07:58:52'),
	(88, 'info@icbappliedscience.com', 'ICB', '8929493730', '7df18b45d1d19b6194aef483b0c6d376f9a3cc925f2a919aac149e32d11a1665233ee835942fe9a01b3b012f82d9760d4be148e35ea109085a3fe49a86e153a2', '294386', 2, 1, 0, 0, '2023-11-01 15:40:21', NULL, '07a11ab149836c1767ba002154e85949499dbf5a8b19e0c09bea5dbf3ad748d54d2f58cd818c8a0bdc74c0648f82e336cda323af1d8ef45c5975faaf21fb9830', '2023-11-01 10:10:21'),
	(89, 'sainipawan2929@gmail.com', 'dfsdf', '1234567899', '7df18b45d1d19b6194aef483b0c6d376f9a3cc925f2a919aac149e32d11a1665233ee835942fe9a01b3b012f82d9760d4be148e35ea109085a3fe49a86e153a2', '596143', 2, 0, 0, 0, '0000-00-00 00:00:00', NULL, '', '2023-11-01 09:07:36'),
	(90, 'pankaj@tcoe.in', 'Pankaj Yadav', '8920422495', '73be45826bd5f489fd22c805afba3e8a92a23a6db878c2e30d9ae12ef7446feee70dbfad5a61423c7a4ed615ea4e2f8ed98b6b5639997a37cbcdaf8e977959e7', '132984', 2, 1, 0, 0, '2023-11-01 15:39:27', NULL, 'e7b956079a68420e72c3a79b653c18a02b16b61b607f576e319b30c17e07fb7f038d0972a62f02476c3c9ebd522d73c18def4fd4385d21741365b362a9ec3de5', '2023-11-01 10:09:27'),
	(91, 'shamik@iiitd.ac.in', 'Shamik Sarkar', '6393109515', '1568ae7f253efdf6c20d3a39d5bb7c7cf2c9a1e59db97c984cc1986820377ee133c85b3afa5e9bbcfcb8b557df8c9f06456eefdcb42fca3e531af32c2e02d2e9', '301657', 2, 1, 0, 0, '2023-11-01 15:59:17', NULL, '239ff82c396f0408d280251d3f1c98e8eb421a81325b10d6064480134a1e27f85e425795e900b5c63bb000ed192f95a446a192d1b9acb4b8c38914708aae0aba', '2023-11-01 10:29:17'),
	(92, 'thakurrudrapratapsingh69@gmail.com', 'Thakur Rudra Pratap Singh', '8077438405', '8c73d85d55f2b315a98193179a02f8b04c8466d4170d4029382daffacb522427e19faf790f07d3292fa1882f01869f02bdb9cf5febd2fa0f2b0d0943354a21f5', '852173', 2, 1, 0, 0, '2023-11-01 21:00:25', NULL, 'bb06f95a7874429878b1bdfaa8d0f4f58d6805c9b52d739cf17f59c5e0c4bb3bc16e7e75c602cce98348bf5948d436e9ae03e89fd1390afbf0ca0d318c8328f1', '2023-11-01 15:30:25'),
	(93, 'sablearjun@gmail.com', 'Arjun Sable', '7021623036', '31d4a1882ebe83fd5be1ac8553ca24b7b54c3ed68d379b1503efca90cf05e28bded3d53de2801dbace0e33f8f8e8a46c9072b6a9b619f3d1ae3b03b83745c53f', '283197', 2, 1, 0, 0, '2023-11-02 00:14:12', NULL, 'd11ae5d052ef3e58785ee55284ea35eec0d0231b59e3a22aac4350cdaaf99b28d4f29f19769170e540d0f489f2a69c83f9162fa8314ca9a1855ba4e2294965be', '2023-11-01 18:44:12'),
	(94, 'vanky@syook.com', 'Vanky Kenny Kataria', '8668772214', '684e3c1efc08c113e074ec04f7ba463da7dcecf50ddf5af37f67e93b7090bfbb6740dbd6b7757cefc10235b51582e223321fad15fc9c8f3d16ddcb3a9812e633', '718625', 2, 1, 0, 0, '2023-11-02 10:24:45', NULL, '973cd98fedc1d71a5e78c0db765ff3a97985bbec70d7b1612587519f2fefc731bb5bef5858c255cda75c033e97a81ee253ff91b785944d413d9f187f25c797e4', '2023-11-02 04:54:45'),
	(95, 'kdevendra7999@gmail.com', 'devvendra verma', '8602375850', '7df18b45d1d19b6194aef483b0c6d376f9a3cc925f2a919aac149e32d11a1665233ee835942fe9a01b3b012f82d9760d4be148e35ea109085a3fe49a86e153a2', '769410', 2, 0, 0, 0, '0000-00-00 00:00:00', NULL, '', '2023-11-02 06:54:36');

-- Dumping structure for table indiaskills.menu_items
DROP TABLE IF EXISTS `menu_items`;
CREATE TABLE IF NOT EXISTS `menu_items` (
  `MenuItemId` int(11) NOT NULL AUTO_INCREMENT,
  `Label` varchar(255) NOT NULL,
  `Url` varchar(255) NOT NULL,
  `Icon` varchar(255) NOT NULL,
  PRIMARY KEY (`MenuItemId`) USING BTREE
) ENGINE=InnoDB DEFAULT CHARSET=utf8mb4 COLLATE=utf8mb4_general_ci;

-- Dumping data for table indiaskills.menu_items: ~0 rows (approximately)

-- Dumping structure for table indiaskills.uploaded_files
DROP TABLE IF EXISTS `uploaded_files`;
CREATE TABLE IF NOT EXISTS `uploaded_files` (
  `id` int(11) NOT NULL AUTO_INCREMENT,
  `user_id` varchar(80) DEFAULT NULL,
  `file_name` varchar(255) DEFAULT NULL,
  `file_path` varchar(255) DEFAULT NULL,
  `uploaded_at` timestamp NULL DEFAULT current_timestamp(),
  PRIMARY KEY (`id`)
) ENGINE=InnoDB AUTO_INCREMENT=62 DEFAULT CHARSET=utf8mb4 COLLATE=utf8mb4_general_ci;

-- Dumping data for table indiaskills.uploaded_files: ~44 rows (approximately)
INSERT INTO `uploaded_files` (`id`, `user_id`, `file_name`, `file_path`, `uploaded_at`) VALUES
	(18, 'pawancoder1@gmail.com', '', './uploads/Applying_as_an/', '2023-11-03 06:42:06'),
	(19, 'pawancoder1@gmail.com', '', './uploads/Applying_as_an/', '2023-11-03 06:44:31'),
	(20, 'pawancoder1@gmail.com', '', './uploads/Applying_as_an/', '2023-11-03 06:44:57'),
	(21, 'pawancoder1@gmail.com', '', './uploads/Applying_as_an/', '2023-11-03 06:47:34'),
	(22, 'pawancoder1@gmail.com', 'upload_certificate_65449826468cd.pdf', './uploads/Applying_as_an/', '2023-11-03 06:50:14'),
	(23, 'pawancoder1@gmail.com', 'upload_certificate_65449844ab29e.pdf', './uploads/Applying_as_an/', '2023-11-03 06:50:44'),
	(24, 'pawancoder1@gmail.com', 'upload_certificate_65449e5236c95.pdf', './uploads/Applying_as_an/', '2023-11-03 07:16:34'),
	(25, 'pawancoder1@gmail.com', NULL, './uploads/Applying_as_an/', '2023-11-03 07:21:26'),
	(26, 'pawancoder1@gmail.com', NULL, './uploads/Applying_as_an/', '2023-11-03 07:22:06'),
	(27, 'pawancoder1@gmail.com', 'upload_certificate_65449fe674f8f.pdf', './uploads/Applying_as_an/', '2023-11-03 07:23:18'),
	(28, 'pawancoder1@gmail.com', NULL, './uploads/Applying_as_an/', '2023-11-03 07:27:06'),
	(29, 'pawancoder1@gmail.com', NULL, './uploads/Applying_as_an/', '2023-11-03 07:27:26'),
	(30, 'pawancoder1@gmail.com', NULL, './uploads/Applying_as_an/', '2023-11-03 07:28:15'),
	(31, 'pawancoder1@gmail.com', NULL, './uploads/Applying_as_an/', '2023-11-03 07:30:07'),
	(32, 'pawancoder1@gmail.com', NULL, './uploads/Applying_as_an/', '2023-11-03 07:30:21'),
	(33, 'pawancoder1@gmail.com', NULL, './uploads/Applying_as_an/', '2023-11-03 07:31:05'),
	(34, 'pawancoder1@gmail.com', NULL, './uploads/Applying_as_an/', '2023-11-03 07:31:56'),
	(35, 'pawancoder1@gmail.com', 'upload_certificate_6544a28599632.pdf', './uploads/Applying_as_an/', '2023-11-03 07:34:29'),
	(36, 'pawancoder1@gmail.com', NULL, './uploads/Applying_as_an/', '2023-11-03 07:37:13'),
	(37, 'pawancoder1@gmail.com', 'upload_certificate_6544a33718e13.pdf', './uploads/Applying_as_an/', '2023-11-03 07:37:27'),
	(38, 'pawancoder1@gmail.com', NULL, './uploads/Applying_as_an/', '2023-11-03 07:37:31'),
	(39, 'pawancoder1@gmail.com', 'upload_certificate_6544a36411653.pdf', './uploads/Applying_as_an/', '2023-11-03 07:38:12'),
	(40, 'pawancoder1@gmail.com', 'upload_certificate_6544a36411653.pdf', './uploads/Applying_as_an/', '2023-11-03 07:38:14'),
	(41, 'pawancoder1@gmail.com', 'upload_certificate_6544a36411653.pdf', './uploads/Applying_as_an/', '2023-11-03 07:38:16'),
	(42, 'pawancoder1@gmail.com', 'upload_certificate_6544a36411653.pdf', './uploads/Applying_as_an/', '2023-11-03 07:38:19'),
	(43, 'pawancoder1@gmail.com', 'upload_certificate_6544a36411653.pdf', './uploads/Applying_as_an/', '2023-11-03 07:38:23'),
	(44, 'pawancoder1@gmail.com', 'upload_certificate_6544a36411653.pdf', './uploads/Applying_as_an/', '2023-11-03 07:38:27'),
	(45, 'pawancoder1@gmail.com', 'upload_certificate_6544a36411653.pdf', './uploads/Applying_as_an/', '2023-11-03 07:42:21'),
	(46, 'pawancoder1@gmail.com', 'upload_certificate_6544a36411653.pdf', './uploads/Applying_as_an/', '2023-11-03 07:43:34'),
	(47, 'pawancoder1@gmail.com', 'upload_certificate_6544a36411653.pdf', './uploads/Applying_as_an/', '2023-11-03 07:45:18'),
	(48, 'pawancoder1@gmail.com', 'upload_certificate_6544a51942360.pdf', './uploads/Applying_as_an/', '2023-11-03 07:45:29'),
	(49, 'pawancoder1@gmail.com', 'upload_certificate_6544a51942360.pdf', './uploads/Applying_as_an/', '2023-11-03 07:45:36'),
	(50, 'pawancoder1@gmail.com', 'upload_certificate_6544a51942360.pdf', './uploads/Applying_as_an/', '2023-11-03 07:46:19'),
	(51, 'pawancoder1@gmail.com', 'upload_certificate_6544a5523ef41.pdf', './uploads/Applying_as_an/', '2023-11-03 07:46:26'),
	(52, 'pawancoder1@gmail.com', '', './uploads/Applying_as_an/', '2023-11-03 07:53:13'),
	(53, 'pawancoder1@gmail.com', '', './uploads/Applying_as_an/', '2023-11-03 07:54:19'),
	(54, 'pawancoder1@gmail.com', 'upload_certificate_6544a735ce01e.pdf', './uploads/Applying_as_an/', '2023-11-03 07:54:29'),
	(55, 'pawancoder1@gmail.com', '', './uploads/Applying_as_an/', '2023-11-03 10:16:34'),
	(56, 'pawancoder1@gmail.com', 'upload_certificate_6544c88f1eed4.pdf', './uploads/Applying_as_an/', '2023-11-03 10:16:47'),
	(57, 'pawancoder1@gmail.com', 'upload_certificate_6544c88f1eed4.pdf', './uploads/Applying_as_an/', '2023-11-03 10:16:53'),
	(58, 'pawancoder1@gmail.com', 'upload_certificate_6544c88f1eed4.pdf', './uploads/Applying_as_an/', '2023-11-03 10:16:58'),
	(59, 'pawancoder1@gmail.com', 'upload_certificate_6544c88f1eed4.pdf', './uploads/Applying_as_an/', '2023-11-03 10:17:12'),
	(60, 'pawancoder1@gmail.com', 'upload_certificate_6544c88f1eed4.pdf', './uploads/Applying_as_an/', '2023-11-03 10:17:20'),
	(61, 'pawancoder1@gmail.com', 'upload_certificate_6544c88f1eed4.pdf', './uploads/Applying_as_an/', '2023-11-03 10:18:27');

-- Dumping structure for table indiaskills.user_menu_access
DROP TABLE IF EXISTS `user_menu_access`;
CREATE TABLE IF NOT EXISTS `user_menu_access` (
  `AccessId` int(11) NOT NULL AUTO_INCREMENT,
  `UserId` int(11) NOT NULL,
  `MenuItemId` int(11) NOT NULL,
  PRIMARY KEY (`AccessId`) USING BTREE,
  KEY `UserId` (`UserId`) USING BTREE,
  KEY `MenuItemId` (`MenuItemId`) USING BTREE,
  CONSTRAINT `user_menu_access_ibfk_1` FOREIGN KEY (`UserId`) REFERENCES `login` (`LoginId`),
  CONSTRAINT `user_menu_access_ibfk_2` FOREIGN KEY (`MenuItemId`) REFERENCES `menu_items` (`MenuItemId`)
) ENGINE=InnoDB DEFAULT CHARSET=utf8mb4 COLLATE=utf8mb4_general_ci;

-- Dumping data for table indiaskills.user_menu_access: ~0 rows (approximately)

-- Dumping structure for table indiaskills.visitors
DROP TABLE IF EXISTS `visitors`;
CREATE TABLE IF NOT EXISTS `visitors` (
  `id` int(11) NOT NULL AUTO_INCREMENT,
  `ip_address` varchar(255) DEFAULT NULL,
  `user_agent` varchar(255) DEFAULT NULL,
  `timestamp` datetime DEFAULT NULL,
  PRIMARY KEY (`id`)
) ENGINE=InnoDB AUTO_INCREMENT=345 DEFAULT CHARSET=utf8mb4 COLLATE=utf8mb4_general_ci;

-- Dumping data for table indiaskills.visitors: ~339 rows (approximately)
INSERT INTO `visitors` (`id`, `ip_address`, `user_agent`, `timestamp`) VALUES
	(6, '10.1.0.4', 'Mozilla/5.0 (Windows NT 10.0; Win64; x64; rv:109.0) Gecko/20100101 Firefox/118.0', '2023-10-23 18:20:41'),
	(7, '10.1.0.4', 'Mozilla/5.0 (Windows NT 10.0; Win64; x64) AppleWebKit/537.36 (KHTML, like Gecko) Chrome/118.0.0.0 Safari/537.36', '2023-10-23 18:28:49'),
	(8, '10.1.0.4', 'Mozilla/5.0 (Windows NT 10.0; Win64; x64) AppleWebKit/537.36 (KHTML, like Gecko) Chrome/118.0.0.0 Safari/537.36 Edg/118.0.2088.57', '2023-10-23 18:54:45'),
	(9, '10.1.0.4', 'Mozilla/5.0 (Linux; Android 10; K) AppleWebKit/537.36 (KHTML, like Gecko) Chrome/111.0.0.0 Mobile Safari/537.36', '2023-10-23 19:16:17'),
	(10, '10.1.0.4', 'Mozilla/5.0 (Linux; Android 10; K) AppleWebKit/537.36 (KHTML, like Gecko) Chrome/118.0.0.0 Mobile Safari/537.36', '2023-10-23 20:43:25'),
	(11, '10.1.0.4', 'Mozilla/5.0 (iPhone; CPU iPhone OS 16_6 like Mac OS X) AppleWebKit/605.1.15 (KHTML, like Gecko) CriOS/118.0.5993.69 Mobile/15E148 Safari/604.1', '2023-10-23 22:03:20'),
	(12, '10.1.0.4', 'Mozilla/5.0 (compatible; CensysInspect/1.1; +https://about.censys.io/)', '2023-10-24 01:48:31'),
	(13, '10.1.0.4', 'Mozilla/5.0 (Linux; Android 6.0.1; Nexus 5X Build/MMB29P) AppleWebKit/537.36 (KHTML, like Gecko) Chrome/118.0.5993.88 Mobile Safari/537.36 (compatible; Googlebot/2.1; +http://www.google.com/bot.html)', '2023-10-24 02:45:23'),
	(14, '10.1.0.4', 'Mozilla/5.0 (compatible; Googlebot/2.1; +http://www.google.com/bot.html)', '2023-10-24 02:45:48'),
	(15, '10.1.0.4', 'Mozilla/5.0 (X11; U; Linux i686; en-US; rv:1.9.1.16) Gecko/20120421 Gecko Firefox/11.0', '2023-10-24 19:44:29'),
	(16, '10.1.0.4', 'Mozilla/5.0 (Windows NT 10.0; Win64; x64) AppleWebKit/537.36 (KHTML, like Gecko) Chrome/80.0.3987.149 Safari/537.36', '2023-10-24 21:08:49'),
	(17, '10.1.0.4', 'Expanse, a Palo Alto Networks company, searches across the global IPv4 space multiple times per day to identify customers&#39; presences on the Internet. If you would like to be excluded from our scans, please send IP addresses/domains to: scaninfo@paloal', '2023-10-25 10:48:24'),
	(18, '10.1.0.4', 'Mozilla/5.0 (Macintosh; Intel Mac OS X 10.15; rv:77.0) Gecko/20100101 Firefox/77.0', '2023-10-25 15:31:41'),
	(19, '10.1.0.4', 'Mozilla/5.0 (Linux; Android 10; K) AppleWebKit/537.36 (KHTML, like Gecko) Chrome/117.0.0.0 Mobile Safari/537.36', '2023-10-25 15:59:25'),
	(20, '10.1.0.4', 'Mozilla/5.0 (iPhone; CPU iPhone OS 17_0_3 like Mac OS X) AppleWebKit/605.1.15 (KHTML, like Gecko) Version/17.0.1 Mobile/15E148 Safari/604.1', '2023-10-25 16:32:19'),
	(21, '10.1.0.4', 'Mozilla/5.0 (Linux; Android 7.0; SM-G610F) AppleWebKit/537.36 (KHTML, like Gecko) Chrome/105.0.0.0 Mobile Safari/537.36', '2023-10-25 17:17:35'),
	(22, '10.1.0.4', 'WhatsApp/2.23.20.0', '2023-10-25 17:22:08'),
	(23, '10.1.0.4', 'Mozilla/5.0 (Windows NT 10.0; Win64; x64) AppleWebKit/537.36 (KHTML, like Gecko) Chrome/118.0.0.0 Safari/537.36 Edg/118.0.2088.61', '2023-10-25 17:23:42'),
	(24, '10.1.0.4', 'Mozilla/5.0 (Linux; Android 10; K) AppleWebKit/537.36 (KHTML, like Gecko) Chrome/115.0.0.0 Mobile Safari/537.36', '2023-10-25 17:25:56'),
	(25, '10.1.0.4', 'Mozilla/5.0 (Linux; Android 10; RMX2185) AppleWebKit/537.36 (KHTML, like Gecko) Chrome/89.0.4389.105 Mobile Safari/537.36', '2023-10-25 23:39:23'),
	(26, '10.1.0.4', 'Mozilla/5.0 (iPhone; CPU iPhone OS 16_6_1 like Mac OS X) AppleWebKit/605.1.15 (KHTML, like Gecko) Version/16.6 Mobile/15E148 Safari/604.1', '2023-10-27 09:28:14'),
	(27, '10.1.0.4', 'Mozilla/5.0 (Windows NT 10.0; Win64; x64; rv:109.0) Gecko/20100101 Firefox/119.0', '2023-10-27 10:16:56'),
	(28, '10.1.0.4', 'Mozilla/5.0 (Linux; Android 6.0.1; Nexus 5X Build/MMB29P) AppleWebKit/537.36 (KHTML, like Gecko) Chrome/118.0.5993.117 Mobile Safari/537.36 (compatible; Googlebot/2.1; +http://www.google.com/bot.html)', '2023-10-27 10:18:07'),
	(29, '10.1.0.4', 'Expanse, a Palo Alto Networks company, searches across the global IPv4 space multiple times per day to identify customers&#39; presences on the Internet. If you would like to be excluded from our scans, please send IP addresses/domains to: scaninfo@paloal', '2023-10-27 18:40:50'),
	(30, '10.1.0.4', NULL, '2023-10-28 07:40:33'),
	(31, '10.1.0.4', 'Expanse, a Palo Alto Networks company, searches across the global IPv4 space multiple times per day to identify customers&#39; presences on the Internet. If you would like to be excluded from our scans, please send IP addresses/domains to: scaninfo@paloal', '2023-10-28 21:17:22'),
	(32, '10.1.0.4', 'python-requests/2.31.0', '2023-10-29 10:31:16'),
	(33, '10.1.0.4', 'Snap URL Preview Service; bot; snapchat; https://developers.snap.com/robots', '2023-10-29 20:44:30'),
	(34, '10.1.0.4', 'Mozilla/5.0 (Linux; Android 6.0.1; Nexus 5X Build/MMB29P) AppleWebKit/537.36 (KHTML, like Gecko) Chrome/99.0.4844.84 Mobile Safari/537.36 (compatible; Googlebot/2.1; +http://www.google.com/bot.html)', '2023-10-30 22:50:16'),
	(35, '10.1.0.4', 'Mozilla/5.0 (Windows NT 10.0; Win64; x64) AppleWebKit/537.36 (KHTML, like Gecko) Chrome/118.0.0.0 Safari/537.36 Edg/118.0.2088.76', '2023-10-31 17:43:55'),
	(36, '10.1.0.4', 'Mozilla/5.0 (Windows NT 10.0; Win64; x64) AppleWebKit/537.36 (KHTML, like Gecko) Chrome/101.0.4951.54 Safari/537.36', '2023-10-31 17:46:35'),
	(37, '49.36.179.117', 'Mozilla/5.0 (Windows NT 10.0; Win64; x64) AppleWebKit/537.36 (KHTML, like Gecko) Chrome/118.0.0.0 Safari/537.36 Edg/118.0.2088.76', '2023-10-31 20:06:46'),
	(38, '49.36.179.117', 'Mozilla/5.0 (Windows NT 10.0; Win64; x64) AppleWebKit/537.36 (KHTML, like Gecko) Chrome/118.0.0.0 Safari/537.36', '2023-10-31 20:06:58'),
	(39, '182.48.205.118', 'Mozilla/5.0 (Windows NT 10.0; Win64; x64) AppleWebKit/537.36 (KHTML, like Gecko) Chrome/118.0.0.0 Safari/537.36', '2023-10-31 20:09:33'),
	(40, '49.47.68.86', 'Mozilla/5.0 (Windows NT 10.0; Win64; x64) AppleWebKit/537.36 (KHTML, like Gecko) Chrome/118.0.0.0 Safari/537.36 Edg/118.0.2088.69', '2023-10-31 20:10:10'),
	(41, '49.36.179.117', 'Mozilla/5.0 (Windows NT 10.0; Win64; x64; rv:109.0) Gecko/20100101 Firefox/119.0', '2023-10-31 20:16:07'),
	(42, '87.236.176.144', 'Mozilla/5.0 (compatible; InternetMeasurement/1.0; +https://internet-measurement.com/)', '2023-10-31 20:24:16'),
	(43, '199.45.154.17', NULL, '2023-10-31 20:25:52'),
	(44, '106.221.238.175', 'Mozilla/5.0 (iPhone; CPU iPhone OS 16_6 like Mac OS X) AppleWebKit/605.1.15 (KHTML, like Gecko) CriOS/118.0.5993.92 Mobile/15E148 Safari/604.1', '2023-10-31 20:36:25'),
	(45, '112.79.229.142', 'WhatsApp/2.23.20.0', '2023-10-31 20:54:51'),
	(46, '106.221.236.63', 'Mozilla/5.0 (Windows NT 10.0; Win64; x64) AppleWebKit/537.36 (KHTML, like Gecko) Chrome/118.0.0.0 Safari/537.36', '2023-10-31 20:55:39'),
	(47, '152.58.123.146', 'Mozilla/5.0 (X11; Linux x86_64) AppleWebKit/537.36 (KHTML, like Gecko) Chrome/118.0.0.0 Safari/537.36', '2023-10-31 21:14:41'),
	(48, '106.221.230.254', 'Mozilla/5.0 (Windows NT 10.0; Win64; x64) AppleWebKit/537.36 (KHTML, like Gecko) Chrome/118.0.0.0 Safari/537.36', '2023-10-31 21:15:11'),
	(49, '49.36.179.117', 'Mozilla/5.0 (Windows NT 10.0; Win64; x64) AppleWebKit/537.36 (KHTML, like Gecko) Chrome/117.0.0.0 Safari/537.36 Edg/117.0.2045.47', '2023-10-31 22:32:08'),
	(50, '182.48.205.118', 'Mozilla/5.0 (Windows NT 10.0; Win64; x64; rv:109.0) Gecko/20100101 Firefox/119.0', '2023-10-31 22:42:06'),
	(51, '49.36.176.81', 'Mozilla/5.0 (Windows NT 10.0; Win64; x64) AppleWebKit/537.36 (KHTML, like Gecko) Chrome/118.0.0.0 Safari/537.36', '2023-10-31 22:48:25'),
	(52, '35.89.155.23', 'Mozilla/5.0 (Windows NT 10.0; Win64; x64) AppleWebKit/537.36 (KHTML, like Gecko) Chrome/113.0.0.0 Safari/537.36', '2023-10-31 22:56:45'),
	(53, '20.40.47.4', 'Mozilla/5.0 (Windows NT 10.0; WOW64) AppleWebKit/537.36 (KHTML, like Gecko) Chrome/63.0.3239.84 Safari/537.36', '2023-10-31 22:56:47'),
	(54, '27.6.213.76', 'Mozilla/5.0 (Linux; Android 10; K) AppleWebKit/537.36 (KHTML, like Gecko) Chrome/118.0.0.0 Mobile Safari/537.36', '2023-10-31 22:58:33'),
	(55, '44.231.202.44', 'fidget-spinner-bot', '2023-10-31 22:59:58'),
	(56, '122.161.66.90', 'Mozilla/5.0 (Macintosh; Intel Mac OS X 10_15_7) AppleWebKit/605.1.15 (KHTML, like Gecko) Version/16.5.1 Safari/605.1.15', '2023-10-31 23:02:03'),
	(57, '103.182.130.84', 'Mozilla/5.0 (Linux; Android 10; K) AppleWebKit/537.36 (KHTML, like Gecko) Chrome/117.0.0.0 Mobile Safari/537.36 EdgA/117.0.2045.65', '2023-10-31 23:02:09'),
	(58, '49.37.49.150', 'Mozilla/5.0 (Linux; Android 10; K) AppleWebKit/537.36 (KHTML, like Gecko) Chrome/118.0.0.0 Mobile Safari/537.36', '2023-10-31 23:06:15'),
	(59, '43.230.184.120', 'Mozilla/5.0 (Windows NT 10.0; Win64; x64) AppleWebKit/537.36 (KHTML, like Gecko) Chrome/118.0.0.0 Safari/537.36', '2023-10-31 23:07:11'),
	(60, '24.5.227.123', 'Mozilla/5.0 (Macintosh; Intel Mac OS X 10_15_7) AppleWebKit/537.36 (KHTML, like Gecko) Chrome/118.0.0.0 Safari/537.36', '2023-10-31 23:08:59'),
	(61, '202.140.45.103', 'Mozilla/5.0 (Linux; Android 10; K) AppleWebKit/537.36 (KHTML, like Gecko) Chrome/118.0.0.0 Mobile Safari/537.36', '2023-10-31 23:09:48'),
	(62, '152.58.92.211', 'Mozilla/5.0 (Linux; Android 10; K) AppleWebKit/537.36 (KHTML, like Gecko) Chrome/117.0.0.0 Mobile Safari/537.36', '2023-10-31 23:11:06'),
	(63, '223.190.84.224', 'Mozilla/5.0 (Windows NT 10.0; Win64; x64; rv:109.0) Gecko/20100101 Firefox/113.0', '2023-10-31 23:12:27'),
	(64, '149.154.161.247', 'TelegramBot (like TwitterBot)', '2023-10-31 23:13:37'),
	(65, '115.187.62.14', 'Mozilla/5.0 (Macintosh; Intel Mac OS X 10_15_7) AppleWebKit/605.1.15 (KHTML, like Gecko) Version/17.0 Safari/605.1.15', '2023-10-31 23:16:56'),
	(66, '157.40.242.28', 'Mozilla/5.0 (Macintosh; Intel Mac OS X 10_15_7) AppleWebKit/537.36 (KHTML, like Gecko) Chrome/118.0.0.0 Safari/537.36', '2023-10-31 23:26:31'),
	(67, '106.195.52.173', 'Mozilla/5.0 (iPhone; CPU iPhone OS 16_1 like Mac OS X) AppleWebKit/605.1.15 (KHTML, like Gecko) CriOS/115.0.5790.130 Mobile/15E148 Safari/604.1', '2023-10-31 23:32:33'),
	(68, '103.164.25.229', 'Mozilla/5.0 (Android 13; Mobile; rv:109.0) Gecko/119.0 Firefox/119.0', '2023-10-31 23:35:15'),
	(69, '35.196.211.122', 'Mozilla/5.0 (iPhone; CPU iPhone OS 10_3 like Mac OS X) AppleWebKit/602.1.50 (KHTML, like Gecko) CriOS/56.0.2924.75 Mobile/14E5239e Safari/602.1', '2023-11-01 00:03:25'),
	(70, '49.36.188.245', 'Mozilla/5.0 (Macintosh; Intel Mac OS X 10.15; rv:109.0) Gecko/20100101 Firefox/118.0', '2023-11-01 00:03:51'),
	(71, '106.216.247.91', 'Mozilla/5.0 (iPhone; CPU iPhone OS 16_6_1 like Mac OS X) AppleWebKit/605.1.15 (KHTML, like Gecko) Version/16.6 Mobile/15E148 Safari/604.1', '2023-11-01 00:08:19'),
	(72, '117.98.12.37', 'Mozilla/5.0 (Linux; Android 10; K) AppleWebKit/537.36 (KHTML, like Gecko) Chrome/118.0.0.0 Mobile Safari/537.36', '2023-11-01 00:09:05'),
	(73, '27.61.244.40', 'Mozilla/5.0 (iPhone; CPU iPhone OS 16_1_1 like Mac OS X) AppleWebKit/605.1.15 (KHTML, like Gecko) Version/16.1 Mobile/15E148 Safari/604.1', '2023-11-01 00:10:15'),
	(74, '49.37.241.104', 'Mozilla/5.0 (Windows NT 10.0; Win64; x64) AppleWebKit/537.36 (KHTML, like Gecko) Chrome/118.0.0.0 Safari/537.36', '2023-11-01 00:10:30'),
	(75, '27.61.244.40', 'WhatsApp/2.23.19.86 i', '2023-11-01 00:10:33'),
	(76, '27.61.244.40', 'Mozilla/5.0 (iPhone; CPU iPhone OS 16_1 like Mac OS X) AppleWebKit/605.1.15 (KHTML, like Gecko) CriOS/118.0.5993.69 Mobile/15E148 Safari/604.1', '2023-11-01 00:12:16'),
	(77, '157.42.17.173', 'Mozilla/5.0 (Linux; Android 10; K) AppleWebKit/537.36 (KHTML, like Gecko) Chrome/117.0.0.0 Mobile Safari/537.36', '2023-11-01 00:12:35'),
	(78, '117.98.12.37', 'WhatsApp/2.23.20.0', '2023-11-01 00:15:54'),
	(79, '49.37.74.205', 'Mozilla/5.0 (iPhone; CPU iPhone OS 16_6 like Mac OS X) AppleWebKit/605.1.15 (KHTML, like Gecko) CriOS/118.0.5993.92 Mobile/15E148 Safari/604.1', '2023-11-01 00:16:07'),
	(80, '34.216.86.218', 'Mozilla/5.0 (Windows NT 10.0; Win64; x64) AppleWebKit/537.36 (KHTML, like Gecko) Chrome/113.0.0.0 Safari/537.36', '2023-11-01 00:17:27'),
	(81, '35.93.91.63', 'Mozilla/5.0 (Windows NT 10.0; Win64; x64) AppleWebKit/537.36 (KHTML, like Gecko) Chrome/113.0.0.0 Safari/537.36', '2023-11-01 00:17:28'),
	(82, '35.93.1.215', 'Mozilla/5.0 (Windows NT 10.0; Win64; x64) AppleWebKit/537.36 (KHTML, like Gecko) Chrome/113.0.0.0 Safari/537.36', '2023-11-01 00:17:28'),
	(83, '35.88.76.172', 'Mozilla/5.0 (Windows NT 10.0; Win64; x64) AppleWebKit/537.36 (KHTML, like Gecko) Chrome/113.0.0.0 Safari/537.36', '2023-11-01 00:17:28'),
	(84, '54.187.149.118', 'Mozilla/5.0 (Windows NT 10.0; Win64; x64) AppleWebKit/537.36 (KHTML, like Gecko) Chrome/113.0.0.0 Safari/537.36', '2023-11-01 00:17:28'),
	(85, '54.187.149.118', 'Mozilla/5.0 (Windows NT 10.0; Win64; x64) AppleWebKit/537.36 (KHTML, like Gecko) Chrome/113.0.0.0 Safari/537.36', '2023-11-01 00:17:28'),
	(86, '35.91.3.195', 'Mozilla/5.0 (Windows NT 10.0; Win64; x64) AppleWebKit/537.36 (KHTML, like Gecko) Chrome/113.0.0.0 Safari/537.36', '2023-11-01 00:17:28'),
	(87, '34.209.50.240', 'Mozilla/5.0 (Windows NT 10.0; Win64; x64) AppleWebKit/537.36 (KHTML, like Gecko) Chrome/113.0.0.0 Safari/537.36', '2023-11-01 00:17:28'),
	(88, '35.92.50.165', 'Mozilla/5.0 (Windows NT 10.0; Win64; x64) AppleWebKit/537.36 (KHTML, like Gecko) Chrome/113.0.0.0 Safari/537.36', '2023-11-01 00:17:28'),
	(89, '106.216.241.91', 'Mozilla/5.0 (iPhone; CPU iPhone OS 16_6_1 like Mac OS X) AppleWebKit/605.1.15 (KHTML, like Gecko) Version/16.6 Mobile/15E148 Safari/604.1', '2023-11-01 00:24:23'),
	(90, '152.57.241.121', 'Mozilla/5.0 (Windows NT 10.0; Win64; x64) AppleWebKit/537.36 (KHTML, like Gecko) Chrome/118.0.0.0 Safari/537.36 Edg/118.0.2088.76', '2023-11-01 00:26:28'),
	(91, '49.44.84.6', 'Mozilla/5.0 (Windows NT 10.0; Win64; x64) AppleWebKit/537.36 (KHTML, like Gecko) Chrome/117.0.0.0 Safari/537.36', '2023-11-01 00:29:47'),
	(92, '103.177.174.181', 'Mozilla/5.0 (Linux; Android 10; K) AppleWebKit/537.36 (KHTML, like Gecko) Chrome/118.0.0.0 Mobile Safari/537.36', '2023-11-01 00:31:58'),
	(93, '34.210.78.202', 'Mozilla/5.0 (Windows NT 10.0; Win64; x64) AppleWebKit/537.36 (KHTML, like Gecko) Chrome/113.0.0.0 Safari/537.36', '2023-11-01 00:33:34'),
	(94, '40.94.96.9', 'Mozilla/5.0 (Windows NT 10.0; Win64; x64) AppleWebKit/537.36 (KHTML, like Gecko) Chrome/101.0.4951.54 Safari/537.36', '2023-11-01 00:34:08'),
	(95, '40.94.227.72', 'Mozilla/5.0 (Windows NT 10.0; Win64; x64) AppleWebKit/537.36 (KHTML, like Gecko) Chrome/101.0.4951.67 Safari/537.36', '2023-11-01 00:34:18'),
	(96, '40.94.227.79', 'Mozilla/5.0 (Windows NT 10.0; Win64; x64) AppleWebKit/537.36 (KHTML, like Gecko) Chrome/100.0.4896.127 Safari/537.36', '2023-11-01 00:34:47'),
	(97, '106.221.230.154', 'Mozilla/5.0 (Linux; Android 10; K) AppleWebKit/537.36 (KHTML, like Gecko) Chrome/118.0.0.0 Mobile Safari/537.36', '2023-11-01 00:36:14'),
	(98, '40.94.227.85', 'Mozilla/5.0 (Windows NT 10.0; Win64; x64) AppleWebKit/537.36 (KHTML, like Gecko) Chrome/100.0.4896.127 Safari/537.36', '2023-11-01 00:37:19'),
	(99, '103.27.9.249', 'Mozilla/5.0 (Windows NT 10.0; Win64; x64) AppleWebKit/537.36 (KHTML, like Gecko) Chrome/118.0.0.0 Safari/537.36', '2023-11-01 00:54:42'),
	(100, '122.176.194.41', 'Mozilla/5.0 (Linux; Android 10; K) AppleWebKit/537.36 (KHTML, like Gecko) Chrome/117.0.0.0 Mobile Safari/537.36', '2023-11-01 01:23:39'),
	(101, '27.5.119.190', 'Mozilla/5.0 (Windows NT 10.0; Win64; x64) AppleWebKit/537.36 (KHTML, like Gecko) Chrome/118.0.0.0 Safari/537.36', '2023-11-01 02:18:22'),
	(102, '73.239.14.210', 'Mozilla/5.0 (iPhone; CPU iPhone OS 16_7_1 like Mac OS X) AppleWebKit/605.1.15 (KHTML, like Gecko) Version/16.6 Mobile/15E148 Safari/604.1', '2023-11-01 02:44:45'),
	(103, '54.36.148.89', 'Mozilla/5.0 (compatible; AhrefsBot/7.0; +http://ahrefs.com/robot/)', '2023-11-01 02:44:47'),
	(104, '106.221.233.78', 'Mozilla/5.0 (Windows NT 10.0; Win64; x64) AppleWebKit/537.36 (KHTML, like Gecko) Chrome/118.0.0.0 Safari/537.36', '2023-11-01 02:55:04'),
	(105, '104.28.90.43', 'Mozilla/5.0 (iPhone; CPU iPhone OS 17_1 like Mac OS X) AppleWebKit/605.1.15 (KHTML, like Gecko) Version/17.1 Mobile/15E148 Safari/604.1', '2023-11-01 04:06:11'),
	(106, '76.98.73.120', 'Mozilla/5.0 (Macintosh; Intel Mac OS X 10_15_7) AppleWebKit/537.36 (KHTML, like Gecko) Chrome/118.0.0.0 Safari/537.36', '2023-11-01 04:18:54'),
	(107, '52.167.144.222', 'Mozilla/5.0 AppleWebKit/537.36 (KHTML, like Gecko; compatible; bingbot/2.0; +http://www.bing.com/bingbot.htm) Chrome/103.0.5060.134 Safari/537.36', '2023-11-01 05:06:08'),
	(108, '117.96.14.10', 'Mozilla/5.0 (Linux; Android 10; K) AppleWebKit/537.36 (KHTML, like Gecko) Chrome/118.0.0.0 Mobile Safari/537.36', '2023-11-01 05:35:29'),
	(109, '157.51.56.53', 'Mozilla/5.0 (Linux; Android 10; K) AppleWebKit/537.36 (KHTML, like Gecko) Chrome/118.0.0.0 Mobile Safari/537.36', '2023-11-01 05:37:47'),
	(110, '42.106.217.115', 'Mozilla/5.0 (Linux; Android 10; K) AppleWebKit/537.36 (KHTML, like Gecko) Chrome/118.0.0.0 Mobile Safari/537.36', '2023-11-01 05:39:51'),
	(111, '157.51.52.23', 'Mozilla/5.0 (Linux; Android 10; K) AppleWebKit/537.36 (KHTML, like Gecko) Chrome/118.0.0.0 Mobile Safari/537.36', '2023-11-01 06:16:22'),
	(112, '103.210.134.99', 'Mozilla/5.0 (Windows NT 10.0; Win64; x64) AppleWebKit/537.36 (KHTML, like Gecko) Chrome/118.0.0.0 Safari/537.36', '2023-11-01 06:18:18'),
	(113, '49.44.86.134', 'Mozilla/5.0 (Windows NT 10.0; Win64; x64) AppleWebKit/537.36 (KHTML, like Gecko) Chrome/117.0.0.0 Safari/537.36', '2023-11-01 06:18:27'),
	(114, '152.58.185.140', 'Mozilla/5.0 (Linux; Android 10; K) AppleWebKit/537.36 (KHTML, like Gecko) Chrome/118.0.0.0 Mobile Safari/537.36', '2023-11-01 06:21:05'),
	(115, '49.44.76.133', 'Mozilla/5.0 (Windows NT 6.1; Win64; x64) AppleWebKit/537.36 (KHTML, like Gecko) Chrome/109.0.0.0 Safari/537.36', '2023-11-01 06:28:12'),
	(116, '49.36.237.28', 'Mozilla/5.0 (Linux; Android 10; K) AppleWebKit/537.36 (KHTML, like Gecko) Chrome/118.0.0.0 Mobile Safari/537.36', '2023-11-01 06:42:15'),
	(117, '117.98.26.18', 'Mozilla/5.0 (Linux; Android 10; K) AppleWebKit/537.36 (KHTML, like Gecko) Chrome/118.0.0.0 Mobile Safari/537.36', '2023-11-01 06:46:48'),
	(118, '211.25.3.117', 'Mozilla/5.0 (Windows NT 10.0; Win64; x64; rv:109.0) Gecko/20100101 Firefox/119.0', '2023-11-01 06:49:40'),
	(119, '216.218.206.69', 'Mozilla/5.0 (Windows NT 10.0; Win64; x64) AppleWebKit/537.36 (KHTML, like Gecko) Chrome/109.0.0.0 Safari/537.36 Edg/109.0.1518.70', '2023-11-01 07:01:18'),
	(120, '211.25.3.117', 'Mozilla/5.0 (Windows NT 10.0; Win64; x64) AppleWebKit/537.36 (KHTML, like Gecko) Chrome/118.0.0.0 Safari/537.36 Edg/118.0.2088.76', '2023-11-01 07:06:02'),
	(121, '152.58.185.145', 'Mozilla/5.0 (Linux; Android 10; K) AppleWebKit/537.36 (KHTML, like Gecko) Chrome/118.0.0.0 Mobile Safari/537.36', '2023-11-01 07:34:17'),
	(122, '50.112.160.3', 'fidget-spinner-bot', '2023-11-01 07:35:04'),
	(123, '183.83.210.158', 'Mozilla/5.0 (iPhone; CPU iPhone OS 16_3_1 like Mac OS X) AppleWebKit/605.1.15 (KHTML, like Gecko) Version/16.3 Mobile/15E148 Safari/604.1', '2023-11-01 07:44:22'),
	(124, '47.9.36.14', 'Mozilla/5.0 (Linux; Android 12; SAMSUNG SM-G973F) AppleWebKit/537.36 (KHTML, like Gecko) SamsungBrowser/22.0 Chrome/111.0.5563.116 Mobile Safari/537.36', '2023-11-01 07:45:00'),
	(125, '162.216.150.235', 'Expanse, a Palo Alto Networks company, searches across the global IPv4 space multiple times per day to identify customers&#39; presences on the Internet. If you would like to be excluded from our scans, please send IP addresses/domains to: scaninfo@paloal', '2023-11-01 07:47:01'),
	(126, '103.25.231.102', 'Mozilla/5.0 (Linux; Android 10; K) AppleWebKit/537.36 (KHTML, like Gecko) Chrome/118.0.0.0 Mobile Safari/537.36', '2023-11-01 07:48:07'),
	(127, '150.242.84.5', 'Mozilla/5.0 (Windows NT 6.1; Win64; x64) AppleWebKit/537.36 (KHTML, like Gecko) Chrome/109.0.0.0 Safari/537.36', '2023-11-01 07:49:19'),
	(128, '103.149.192.83', 'Mozilla/5.0 (Windows NT 10.0; Win64; x64) AppleWebKit/537.36 (KHTML, like Gecko) Chrome/79.0.3945.130 Safari/537.36', '2023-11-01 08:10:24'),
	(129, '103.133.123.37', 'Mozilla/5.0 (Windows NT 10.0; Win64; x64) AppleWebKit/537.36 (KHTML, like Gecko) Chrome/118.0.0.0 Safari/537.36', '2023-11-01 08:12:21'),
	(130, '45.79.172.21', 'Mozilla/5.0 (Macintosh; Intel Mac OS X 13_1) AppleWebKit/537.36 (KHTML, like Gecko) Chrome/108.0.0.0 Safari/537.36', '2023-11-01 08:14:37'),
	(131, '164.100.26.231', 'Mozilla/5.0 (Windows NT 10.0; Win64; x64) AppleWebKit/537.36 (KHTML, like Gecko) Chrome/118.0.0.0 Safari/537.36', '2023-11-01 08:23:55'),
	(132, '152.58.148.199', 'Mozilla/5.0 (Linux; Android 10; K) AppleWebKit/537.36 (KHTML, like Gecko) Chrome/118.0.0.0 Mobile Safari/537.36', '2023-11-01 08:24:35'),
	(133, '128.1.141.9', 'Mozilla/5.0 (Linux; U; Android 4.4.2; en-US; HM NOTE 1W Build/KOT49H) AppleWebKit/534.30 (KHTML, like Gecko) Version/4.0 UCBrowser/11.0.5.850 U3/0.8.0 Mobile Safari/534.30', '2023-11-01 08:33:09'),
	(134, '157.37.181.175', 'Mozilla/5.0 (Windows NT 10.0; Win64; x64) AppleWebKit/537.36 (KHTML, like Gecko) Chrome/118.0.0.0 Safari/537.36', '2023-11-01 08:33:57'),
	(135, '95.222.118.156', 'Mozilla/5.0 (iPhone; CPU iPhone OS 17_0_3 like Mac OS X) AppleWebKit/605.1.15 (KHTML, like Gecko) Version/17.0.1 Mobile/15E148 Safari/604.1', '2023-11-01 08:34:25'),
	(136, '157.39.67.173', 'Mozilla/5.0 (Linux; Android 9; vivo 1921) AppleWebKit/537.36 (KHTML, like Gecko) Chrome/89.0.4389.90 Mobile Safari/537.36', '2023-11-01 08:41:52'),
	(137, '122.183.37.7', 'Mozilla/5.0 (Linux; Android 10; K) AppleWebKit/537.36 (KHTML, like Gecko) Chrome/118.0.0.0 Mobile Safari/537.36', '2023-11-01 08:45:44'),
	(138, '164.100.203.94', 'Mozilla/5.0 (Windows NT 10.0; Win64; x64; rv:109.0) Gecko/20100101 Firefox/118.0', '2023-11-01 09:03:09'),
	(139, '106.194.100.234', 'Mozilla/5.0 (Linux; Android 10; K) AppleWebKit/537.36 (KHTML, like Gecko) Chrome/118.0.0.0 Mobile Safari/537.36', '2023-11-01 09:06:04'),
	(140, '103.25.231.102', 'Mozilla/5.0 (Windows NT 10.0; Win64; x64) AppleWebKit/537.36 (KHTML, like Gecko) Chrome/118.0.0.0 Safari/537.36', '2023-11-01 09:16:32'),
	(141, '49.14.140.34', 'Mozilla/5.0 (Linux; Android 10; K) AppleWebKit/537.36 (KHTML, like Gecko) Chrome/118.0.0.0 Mobile Safari/537.36', '2023-11-01 09:22:28'),
	(142, '103.27.9.249', 'WhatsApp/2.2342.7 W', '2023-11-01 09:23:24'),
	(143, '157.37.185.14', 'Mozilla/5.0 (Linux; Android 10; K) AppleWebKit/537.36 (KHTML, like Gecko) Chrome/118.0.0.0 Mobile Safari/537.36', '2023-11-01 09:25:02'),
	(144, '183.82.41.50', 'Mozilla/5.0 (Windows NT 10.0; Win64; x64) AppleWebKit/537.36 (KHTML, like Gecko) Chrome/118.0.0.0 Safari/537.36', '2023-11-01 09:29:23'),
	(145, '152.58.93.158', 'Mozilla/5.0 (Linux; Android 10; K) AppleWebKit/537.36 (KHTML, like Gecko) Chrome/118.0.0.0 Mobile Safari/537.36', '2023-11-01 09:30:37'),
	(146, '182.69.179.7', 'Mozilla/5.0 (Windows NT 10.0; Win64; x64) AppleWebKit/537.36 (KHTML, like Gecko) Chrome/117.0.0.0 Safari/537.36 Edg/117.0.2045.60', '2023-11-01 09:31:25'),
	(147, '122.175.127.6', 'Mozilla/5.0 (Windows NT 10.0; Win64; x64) AppleWebKit/537.36 (KHTML, like Gecko) Chrome/118.0.0.0 Safari/537.36 Edg/118.0.2088.76', '2023-11-01 09:31:41'),
	(148, '117.205.71.6', 'Mozilla/5.0 (Windows NT 10.0; Win64; x64) AppleWebKit/537.36 (KHTML, like Gecko) Chrome/118.0.0.0 Safari/537.36', '2023-11-01 09:40:00'),
	(149, '152.58.99.161', 'Mozilla/5.0 (iPhone; CPU iPhone OS 17_1 like Mac OS X) AppleWebKit/605.1.15 (KHTML, like Gecko) CriOS/118.0.5993.92 Mobile/15E148 Safari/604.1', '2023-11-01 09:42:00'),
	(150, '122.161.51.60', 'Mozilla/5.0 (Windows NT 10.0; Win64; x64) AppleWebKit/537.36 (KHTML, like Gecko) Chrome/118.0.0.0 Safari/537.36', '2023-11-01 09:43:34'),
	(151, '103.25.231.102', 'Mozilla/5.0 (Linux; Android 10; K) AppleWebKit/537.36 (KHTML, like Gecko) Chrome/116.0.0.0 Mobile Safari/537.36', '2023-11-01 09:44:30'),
	(152, '164.100.206.12', 'Mozilla/5.0 (Windows NT 10.0; Win64; x64) AppleWebKit/537.36 (KHTML, like Gecko) Chrome/119.0.0.0 Safari/537.36', '2023-11-01 09:47:11'),
	(153, '223.238.219.61', 'Mozilla/5.0 (Linux; Android 13; SAMSUNG SM-G781B) AppleWebKit/537.36 (KHTML, like Gecko) SamsungBrowser/23.0 Chrome/115.0.0.0 Mobile Safari/537.36', '2023-11-01 09:48:01'),
	(154, '110.225.81.36', 'Mozilla/5.0 (Linux; Android 12; V2059; wv) AppleWebKit/537.36 (KHTML, like Gecko) Version/4.0 Chrome/87.0.4280.141 Mobile Safari/537.36 VivoBrowser/11.1.0.1', '2023-11-01 09:56:23'),
	(155, '103.144.93.251', 'Mozilla/5.0 (Windows NT 10.0; Win64; x64) AppleWebKit/537.36 (KHTML, like Gecko) Chrome/118.0.0.0 Safari/537.36', '2023-11-01 09:57:32'),
	(156, '157.51.63.26', 'Mozilla/5.0 (Linux; Android 10; K) AppleWebKit/537.36 (KHTML, like Gecko) Chrome/118.0.0.0 Mobile Safari/537.36', '2023-11-01 09:57:36'),
	(157, '49.36.16.78', 'Mozilla/5.0 (Macintosh; Intel Mac OS X 10_15_7) AppleWebKit/537.36 (KHTML, like Gecko) Chrome/117.0.0.0 Safari/537.36', '2023-11-01 10:00:38'),
	(158, '157.48.229.77', 'Mozilla/5.0 (Linux; Android 12; SAMSUNG SM-A525F) AppleWebKit/537.36 (KHTML, like Gecko) SamsungBrowser/22.0 Chrome/111.0.5563.116 Mobile Safari/537.36', '2023-11-01 10:01:24'),
	(159, '106.216.253.139', 'Mozilla/5.0 (Windows NT 10.0; Win64; x64) AppleWebKit/537.36 (KHTML, like Gecko) Chrome/118.0.0.0 Safari/537.36', '2023-11-01 10:01:48'),
	(160, '103.25.231.102', 'Mozilla/5.0 (Windows NT 10.0; Win64; x64) AppleWebKit/537.36 (KHTML, like Gecko) Chrome/116.0.0.0 Safari/537.36 OPR/102.0.0.0', '2023-11-01 10:02:10'),
	(161, '122.161.53.222', 'Mozilla/5.0 (Windows NT 10.0; Win64; x64) AppleWebKit/537.36 (KHTML, like Gecko) Chrome/118.0.0.0 Safari/537.36 Edg/118.0.2088.76', '2023-11-01 10:05:36'),
	(162, '5.32.57.218', 'Mozilla/5.0 (Windows NT 10.0; Win64; x64) AppleWebKit/537.36 (KHTML, like Gecko) Chrome/113.0.0.0 Safari/537.36', '2023-11-01 10:07:50'),
	(163, '122.161.77.177', 'Mozilla/5.0 (Windows NT 10.0; Win64; x64) AppleWebKit/537.36 (KHTML, like Gecko) Chrome/118.0.0.0 Safari/537.36', '2023-11-01 10:08:47'),
	(164, '164.100.206.12', 'Mozilla/5.0 (Windows NT 10.0; Win64; x64; rv:109.0) Gecko/20100101 Firefox/119.0', '2023-11-01 10:10:31'),
	(165, '49.47.68.48', 'Mozilla/5.0 (Windows NT 10.0; Win64; x64) AppleWebKit/537.36 (KHTML, like Gecko) Chrome/118.0.0.0 Safari/537.36 Edg/118.0.2088.69', '2023-11-01 10:12:33'),
	(166, '223.190.83.174', 'Mozilla/5.0 (iPhone; CPU iPhone OS 17_0_3 like Mac OS X) AppleWebKit/605.1.15 (KHTML, like Gecko) Version/17.0.1 Mobile/15E148 Safari/604.1', '2023-11-01 10:12:38'),
	(167, '152.58.21.228', 'Mozilla/5.0 (iPhone; CPU iPhone OS 17_0_3 like Mac OS X) AppleWebKit/605.1.15 (KHTML, like Gecko) Version/17.0.1 Mobile/15E148 Safari/604.1', '2023-11-01 10:24:30'),
	(168, '152.58.196.58', 'Mozilla/5.0 (Linux; Android 10; K) AppleWebKit/537.36 (KHTML, like Gecko) Chrome/115.0.0.0 Mobile Safari/537.36', '2023-11-01 10:25:05'),
	(169, '106.193.199.68', 'Mozilla/5.0 (Linux; Android 10; K) AppleWebKit/537.36 (KHTML, like Gecko) Chrome/118.0.0.0 Mobile Safari/537.36', '2023-11-01 10:26:34'),
	(170, '103.49.233.77', 'WhatsApp/2.23.20.0', '2023-11-01 10:30:13'),
	(171, '60.243.132.249', 'Mozilla/5.0 (Linux; Android 10; K) AppleWebKit/537.36 (KHTML, like Gecko) Chrome/118.0.0.0 Mobile Safari/537.36', '2023-11-01 10:30:34'),
	(172, '103.25.231.102', 'Mozilla/5.0 (Macintosh; Intel Mac OS X 10_15_7) AppleWebKit/537.36 (KHTML, like Gecko) Chrome/118.0.0.0 Safari/537.36', '2023-11-01 10:30:52'),
	(173, '117.99.252.181', 'Mozilla/5.0 (iPhone; CPU iPhone OS 17_0_3 like Mac OS X) AppleWebKit/605.1.15 (KHTML, like Gecko) Version/17.0.1 Mobile/15E148 Safari/604.1', '2023-11-01 10:31:40'),
	(174, '60.243.132.249', 'WhatsApp/2.23.20.0', '2023-11-01 10:33:30'),
	(175, '171.76.83.150', 'Mozilla/5.0 (Windows NT 10.0; Win64; x64) AppleWebKit/537.36 (KHTML, like Gecko) Chrome/118.0.0.0 Safari/537.36', '2023-11-01 10:34:58'),
	(176, '223.187.70.25', 'Mozilla/5.0 (Linux; Android 10; K) AppleWebKit/537.36 (KHTML, like Gecko) Chrome/118.0.0.0 Mobile Safari/537.36', '2023-11-01 10:37:02'),
	(177, '66.249.64.106', 'Mozilla/5.0 (Linux; Android 6.0.1; Nexus 5X Build/MMB29P) AppleWebKit/537.36 (KHTML, like Gecko) Chrome/118.0.5993.117 Mobile Safari/537.36 (compatible; Googlebot/2.1; +http://www.google.com/bot.html)', '2023-11-01 10:39:43'),
	(178, '152.58.196.247', 'Mozilla/5.0 (Linux; Android 10; K) AppleWebKit/537.36 (KHTML, like Gecko) Chrome/118.0.0.0 Mobile Safari/537.36', '2023-11-01 10:40:09'),
	(179, '171.50.204.147', 'Mozilla/5.0 (Windows NT 10.0; Win64; x64) AppleWebKit/537.36 (KHTML, like Gecko) Chrome/118.0.0.0 Safari/537.36 OPR/104.0.0.0', '2023-11-01 10:40:53'),
	(180, '14.139.93.243', 'Mozilla/5.0 (Windows NT 10.0; Win64; x64) AppleWebKit/537.36 (KHTML, like Gecko) Chrome/118.0.0.0 Safari/537.36 Edg/118.0.2088.76', '2023-11-01 10:40:54'),
	(181, '49.207.242.36', 'Mozilla/5.0 (Windows NT 10.0; Win64; x64) AppleWebKit/537.36 (KHTML, like Gecko) Chrome/119.0.0.0 Safari/537.36', '2023-11-01 10:43:40'),
	(182, '49.15.232.181', 'WhatsApp/2.23.20.0', '2023-11-01 10:48:13'),
	(183, '157.37.186.131', 'Mozilla/5.0 (Linux; Android 10; K) AppleWebKit/537.36 (KHTML, like Gecko) Chrome/118.0.0.0 Mobile Safari/537.36', '2023-11-01 10:48:46'),
	(184, '152.57.40.254', 'Mozilla/5.0 (Linux; Android 12; vivo 1915; wv) AppleWebKit/537.36 (KHTML, like Gecko) Version/4.0 Chrome/87.0.4280.141 Mobile Safari/537.36 VivoBrowser/11.1.0.1', '2023-11-01 10:51:45'),
	(185, '152.58.120.202', 'Mozilla/5.0 (Macintosh; Intel Mac OS X 10_15_7) AppleWebKit/537.36 (KHTML, like Gecko) Chrome/112.0.0.0 Safari/537.36', '2023-11-01 10:54:16'),
	(186, '5.32.57.218', 'Mozilla/5.0 (Linux; Android 10; K) AppleWebKit/537.36 (KHTML, like Gecko) Chrome/118.0.0.0 Mobile Safari/537.36', '2023-11-01 10:58:00'),
	(187, '103.249.80.107', 'Mozilla/5.0 (Windows NT 10.0; Win64; x64) AppleWebKit/537.36 (KHTML, like Gecko) Chrome/118.0.0.0 Safari/537.36 Edg/118.0.2088.76', '2023-11-01 11:00:57'),
	(188, '157.37.179.17', 'Mozilla/5.0 (Linux; Android 10; K) AppleWebKit/537.36 (KHTML, like Gecko) Chrome/118.0.0.0 Mobile Safari/537.36', '2023-11-01 11:08:35'),
	(189, '49.36.103.65', 'Mozilla/5.0 (Windows NT 10.0; Win64; x64) AppleWebKit/537.36 (KHTML, like Gecko) Chrome/118.0.0.0 Safari/537.36', '2023-11-01 11:10:28'),
	(190, '49.205.173.14', 'Mozilla/5.0 (Windows NT 10.0; Win64; x64) AppleWebKit/537.36 (KHTML, like Gecko) Chrome/118.0.0.0 Safari/537.36', '2023-11-01 11:10:31'),
	(191, '52.165.149.97', 'Mozilla/5.0 (Windows NT 10.0; Win64; x64) AppleWebKit/537.36 (KHTML, like Gecko) Chrome/101.0.4951.54 Safari/537.36', '2023-11-01 11:15:14'),
	(192, '144.48.168.227', 'Mozilla/5.0 (Windows NT 10.0; Win64; x64) AppleWebKit/537.36 (KHTML, like Gecko) Chrome/118.0.0.0 Safari/537.36 Edg/118.0.2088.76', '2023-11-01 11:39:56'),
	(193, '103.57.133.188', 'Mozilla/5.0 (Windows NT 10.0; Win64; x64) AppleWebKit/537.36 (KHTML, like Gecko) Chrome/118.0.0.0 Safari/537.36', '2023-11-01 11:42:15'),
	(194, '167.94.145.54', NULL, '2023-11-01 11:47:59'),
	(195, '167.94.145.54', 'Mozilla/5.0 (compatible; CensysInspect/1.1; +https://about.censys.io/)', '2023-11-01 11:48:00'),
	(196, '103.186.41.245', 'Mozilla/5.0 (Windows NT 10.0; Win64; x64) AppleWebKit/537.36 (KHTML, like Gecko) Chrome/118.0.0.0 Safari/537.36', '2023-11-01 11:48:15'),
	(197, '104.140.148.86', 'Mozilla/5.0 (Windows NT 10.0; Win64; x64; rv:52.0) Gecko/20100101 Firefox/52.0', '2023-11-01 11:52:09'),
	(198, '157.37.163.251', 'Mozilla/5.0 (Linux; Android 10; K) AppleWebKit/537.36 (KHTML, like Gecko) Chrome/118.0.0.0 Mobile Safari/537.36', '2023-11-01 11:54:11'),
	(199, '103.25.231.121', 'Mozilla/5.0 (Linux; Android 10; K) AppleWebKit/537.36 (KHTML, like Gecko) Chrome/118.0.0.0 Mobile Safari/537.36', '2023-11-01 11:55:12'),
	(200, '122.173.27.58', 'Mozilla/5.0 (Linux; U; Android 11; en-us; CPH1937 Build/RKQ1.200903.002) AppleWebKit/537.36 (KHTML, like Gecko) Chrome/91.0.4472.88 Mobile Safari/537.36 HeyTapBrowser/45.10.2.6.1', '2023-11-01 11:55:21'),
	(201, '152.58.196.218', 'Mozilla/5.0 (Linux; Android 10; K) AppleWebKit/537.36 (KHTML, like Gecko) Chrome/117.0.0.0 Mobile Safari/537.36', '2023-11-01 12:09:23'),
	(202, '5.32.57.18', 'Mozilla/5.0 (Windows NT 10.0; Win64; x64) AppleWebKit/537.36 (KHTML, like Gecko) Chrome/118.0.0.0 Safari/537.36', '2023-11-01 12:15:42'),
	(203, '106.221.233.143', 'Mozilla/5.0 (Macintosh; Intel Mac OS X 10_15_7) AppleWebKit/605.1.15 (KHTML, like Gecko) Version/17.0 Safari/605.1.15', '2023-11-01 12:17:24'),
	(204, '157.48.66.4', 'Mozilla/5.0 (Windows NT 10.0; Win64; x64) AppleWebKit/537.36 (KHTML, like Gecko) Chrome/118.0.0.0 Safari/537.36', '2023-11-01 12:22:55'),
	(205, '43.242.116.253', 'Mozilla/5.0 (Windows NT 10.0; Win64; x64) AppleWebKit/537.36 (KHTML, like Gecko) Chrome/118.0.0.0 Safari/537.36', '2023-11-01 12:29:26'),
	(206, '103.211.17.91', 'Mozilla/5.0 (Windows NT 10.0; Win64; x64) AppleWebKit/537.36 (KHTML, like Gecko) Chrome/118.0.0.0 Safari/537.36', '2023-11-01 12:29:43'),
	(207, '14.140.192.101', 'Mozilla/5.0 (Windows NT 10.0; Win64; x64) AppleWebKit/537.36 (KHTML, like Gecko) Chrome/115.0.0.0 Safari/537.36 Edg/115.0.1901.203', '2023-11-01 12:33:49'),
	(208, '196.1.111.120', 'Mozilla/5.0 (Windows NT 10.0; Win64; x64) AppleWebKit/537.36 (KHTML, like Gecko) Chrome/118.0.0.0 Safari/537.36', '2023-11-01 12:36:28'),
	(209, '112.79.252.199', 'Mozilla/5.0 (Linux; Android 10; K) AppleWebKit/537.36 (KHTML, like Gecko) Chrome/118.0.0.0 Mobile Safari/537.36', '2023-11-01 12:43:02'),
	(210, '152.58.17.73', 'Mozilla/5.0 (Linux; Android 13; 2109119DI) AppleWebKit/537.36 (KHTML, like Gecko) Chrome/108.0.0.0 Mobile Safari/537.36', '2023-11-01 12:44:38'),
	(211, '103.15.228.94', 'Mozilla/5.0 (Windows NT 10.0; Win64; x64) AppleWebKit/537.36 (KHTML, like Gecko) Chrome/118.0.0.0 Safari/537.36', '2023-11-01 12:51:55'),
	(212, '183.82.24.180', 'Mozilla/5.0 (Macintosh; Intel Mac OS X 10_15_7) AppleWebKit/537.36 (KHTML, like Gecko) Chrome/118.0.0.0 Safari/537.36', '2023-11-01 13:02:37'),
	(213, '157.51.118.206', 'Mozilla/5.0 (Linux; Android 10; K) AppleWebKit/537.36 (KHTML, like Gecko) Chrome/118.0.0.0 Mobile Safari/537.36', '2023-11-01 13:04:36'),
	(214, '152.58.30.100', 'Mozilla/5.0 (Linux; Android 10; K) AppleWebKit/537.36 (KHTML, like Gecko) Chrome/118.0.0.0 Mobile Safari/537.36', '2023-11-01 13:07:55'),
	(215, '170.130.204.114', 'Mozilla/5.0 (Windows; U; Windows NT 6.1; en-US) AppleWebKit/532.5 (KHTML, like Gecko) Chrome/4.0.249.0 Safari/532.5', '2023-11-01 13:14:09'),
	(216, '171.78.207.151', 'Mozilla/5.0 (Windows NT 10.0; Win64; x64) AppleWebKit/537.36 (KHTML, like Gecko) Chrome/118.0.0.0 Safari/537.36', '2023-11-01 13:16:09'),
	(217, '125.16.33.1', 'Mozilla/5.0 (iPhone; CPU iPhone OS 16_6 like Mac OS X) AppleWebKit/605.1.15 (KHTML, like Gecko) CriOS/118.0.5993.92 Mobile/15E148 Safari/604.1', '2023-11-01 13:19:41'),
	(218, '117.214.143.10', 'Mozilla/5.0 (Macintosh; Intel Mac OS X 10_15_7) AppleWebKit/537.36 (KHTML, like Gecko) Chrome/118.0.0.0 Safari/537.36', '2023-11-01 13:29:41'),
	(219, '103.25.231.159', 'Mozilla/5.0 (Windows NT 10.0; Win64; x64; rv:120.0) Gecko/20100101 Firefox/120.0', '2023-11-01 13:40:14'),
	(220, '157.37.190.17', 'Mozilla/5.0 (Linux; Android 10; K) AppleWebKit/537.36 (KHTML, like Gecko) Chrome/118.0.0.0 Mobile Safari/537.36', '2023-11-01 13:47:06'),
	(221, '152.59.37.92', 'Mozilla/5.0 (Linux; Android 10; K) AppleWebKit/537.36 (KHTML, like Gecko) Chrome/118.0.0.0 Mobile Safari/537.36', '2023-11-01 13:54:59'),
	(222, '152.59.37.92', 'WhatsApp/2.23.20.0', '2023-11-01 13:55:33'),
	(223, '162.142.125.224', NULL, '2023-11-01 14:09:07'),
	(224, '162.142.125.224', 'Mozilla/5.0 (compatible; CensysInspect/1.1; +https://about.censys.io/)', '2023-11-01 14:09:08'),
	(225, '45.33.108.12', 'Mozilla/5.0 (X11; Linux x86_64) Chrome/98.0.4758.132 Safari/537.36', '2023-11-01 14:13:12'),
	(226, '122.171.20.61', 'Mozilla/5.0 (Windows NT 10.0; Win64; x64) AppleWebKit/537.36 (KHTML, like Gecko) Chrome/118.0.0.0 Safari/537.36 Edg/118.0.2088.76', '2023-11-01 14:24:16'),
	(227, '115.113.240.6', 'Mozilla/5.0 (Windows NT 10.0; Win64; x64) AppleWebKit/537.36 (KHTML, like Gecko) Chrome/118.0.0.0 Safari/537.36', '2023-11-01 14:25:13'),
	(228, '152.58.92.135', 'Mozilla/5.0 (Linux; Android 10; K) AppleWebKit/537.36 (KHTML, like Gecko) Chrome/118.0.0.0 Mobile Safari/537.36', '2023-11-01 14:31:50'),
	(229, '46.223.98.202', 'WhatsApp/2.23.20.0', '2023-11-01 14:37:37'),
	(230, '66.249.64.106', 'Googlebot-Image/1.0', '2023-11-01 14:59:04'),
	(231, '66.249.64.105', 'Googlebot-Image/1.0', '2023-11-01 14:59:06'),
	(232, '152.58.92.36', 'Mozilla/5.0 (Linux; Android 10; K) AppleWebKit/537.36 (KHTML, like Gecko) Chrome/118.0.0.0 Mobile Safari/537.36', '2023-11-01 14:59:39'),
	(233, '14.97.185.106', 'Mozilla/5.0 (Windows NT 10.0; Win64; x64) AppleWebKit/537.36 (KHTML, like Gecko) Chrome/118.0.0.0 Safari/537.36', '2023-11-01 15:08:38'),
	(234, '152.58.92.129', 'Mozilla/5.0 (Linux; Android 10; K) AppleWebKit/537.36 (KHTML, like Gecko) Chrome/118.0.0.0 Mobile Safari/537.36', '2023-11-01 15:15:26'),
	(235, '223.111.175.44', 'curl/7.29.0', '2023-11-01 15:34:38'),
	(236, '152.58.92.224', 'Mozilla/5.0 (Linux; Android 10; K) AppleWebKit/537.36 (KHTML, like Gecko) Chrome/118.0.0.0 Mobile Safari/537.36', '2023-11-01 15:38:45'),
	(237, '27.7.186.58', 'Mozilla/5.0 (Linux; Android 10; K) AppleWebKit/537.36 (KHTML, like Gecko) Chrome/118.0.0.0 Mobile Safari/537.36', '2023-11-01 15:46:39'),
	(238, '193.186.4.140', 'Mozilla/5.0 (Linux; Android 10; K) AppleWebKit/537.36 (KHTML, like Gecko) Chrome/118.0.0.0 Mobile Safari/537.36', '2023-11-01 16:14:07'),
	(239, '106.195.52.173', 'Mozilla/5.0 (iPhone; CPU iPhone OS 16_1_1 like Mac OS X) AppleWebKit/605.1.15 (KHTML, like Gecko) Version/16.1 Mobile/15E148 Safari/604.1', '2023-11-01 16:14:32'),
	(240, '157.51.97.95', 'Mozilla/5.0 (Linux; Android 10; K) AppleWebKit/537.36 (KHTML, like Gecko) Chrome/118.0.0.0 Mobile Safari/537.36', '2023-11-01 16:22:16'),
	(241, '83.97.73.87', 'Mozilla/5.0 (Windows NT 10.0; Win64; x64) AppleWebKit/537.36 (KHTML, like Gecko) Chrome/78.0.3904.108 Safari/537.36', '2023-11-01 16:24:38'),
	(242, '20.191.45.212', 'Mozilla/5.0 (compatible; DuckDuckGo-Favicons-Bot/1.0; +http://duckduckgo.com)', '2023-11-01 16:31:38'),
	(243, '45.119.30.180', 'Mozilla/5.0 (Windows NT 10.0; Win64; x64) AppleWebKit/537.36 (KHTML, like Gecko) Chrome/113.0.0.0 Safari/537.36', '2023-11-01 16:31:38'),
	(244, '45.119.30.180', 'WhatsApp/2.23.23.72 i', '2023-11-01 16:33:38'),
	(245, '49.37.41.17', 'Mozilla/5.0 (Linux; Android 10; K) AppleWebKit/537.36 (KHTML, like Gecko) Chrome/118.0.0.0 Mobile Safari/537.36', '2023-11-01 16:33:59'),
	(246, '103.122.168.228', 'Mozilla/5.0 (Windows NT 10.0; Win64; x64) AppleWebKit/537.36 (KHTML, like Gecko) Chrome/118.0.0.0 Safari/537.36', '2023-11-01 16:49:39'),
	(247, '44.200.65.152', 'Opera/9.64 (X11; Linux i686; U; Linux Mint; nb) Presto/2.1.1', '2023-11-01 16:59:45'),
	(248, '183.82.155.246', 'Mozilla/5.0 (Linux; Android 10; K) AppleWebKit/537.36 (KHTML, like Gecko) Chrome/111.0.0.0 Mobile Safari/537.36', '2023-11-01 17:11:52'),
	(249, '157.51.119.210', 'Mozilla/5.0 (Linux; Android 10; K) AppleWebKit/537.36 (KHTML, like Gecko) Chrome/118.0.0.0 Mobile Safari/537.36', '2023-11-01 17:47:32'),
	(250, '103.161.56.178', 'Mozilla/5.0 (Linux; Android 10; K) AppleWebKit/537.36 (KHTML, like Gecko) Chrome/118.0.0.0 Mobile Safari/537.36', '2023-11-01 18:01:27'),
	(251, '66.249.64.105', 'Mozilla/5.0 (Linux; Android 6.0.1; Nexus 5X Build/MMB29P) AppleWebKit/537.36 (KHTML, like Gecko) Chrome/118.0.5993.117 Mobile Safari/537.36 (compatible; Googlebot/2.1; +http://www.google.com/bot.html)', '2023-11-01 18:14:30'),
	(252, '193.118.51.138', 'Mozilla/5.0 (Windows NT 10.0; WOW64) AppleWebKit/537.36 (KHTML, like Gecko) Chrome/66.0.3359.117 Safari/537.36', '2023-11-01 18:17:46'),
	(253, '106.195.9.40', 'Mozilla/5.0 (Linux; Android 10; K) AppleWebKit/537.36 (KHTML, like Gecko) Chrome/114.0.0.0 Mobile Safari/537.36', '2023-11-01 18:24:20'),
	(254, '72.14.201.138', 'Mozilla/5.0 (Linux; Android 10; K) AppleWebKit/537.36 (KHTML, like Gecko) Chrome/117.0.0.0 Mobile Safari/537.36', '2023-11-01 18:49:34'),
	(255, '152.58.90.60', 'Mozilla/5.0 (Linux; Android 10; K) AppleWebKit/537.36 (KHTML, like Gecko) Chrome/118.0.0.0 Mobile Safari/537.36', '2023-11-01 19:15:20'),
	(256, '202.142.100.43', 'Mozilla/5.0 (X11; Linux x86_64) AppleWebKit/537.36 (KHTML, like Gecko) Chrome/117.0.0.0 Safari/537.36', '2023-11-01 19:15:48'),
	(257, '202.83.16.105', 'Mozilla/5.0 (Windows NT 10.0; Win64; x64) AppleWebKit/537.36 (KHTML, like Gecko) Chrome/118.0.0.0 Safari/537.36', '2023-11-01 19:21:25'),
	(258, '34.173.163.179', 'Mozilla/5.0 (X11; Linux x86_64) AppleWebKit/537.36 (KHTML, like Gecko) Chrome/81.0.4044.129 Safari/537.36', '2023-11-01 19:24:21'),
	(259, '152.58.19.135', 'Mozilla/5.0 (Linux; Android 10; K) AppleWebKit/537.36 (KHTML, like Gecko) Chrome/117.0.0.0 Mobile Safari/537.36', '2023-11-01 19:46:22'),
	(260, '34.78.249.41', 'python-requests/2.31.0', '2023-11-01 19:47:42'),
	(261, '103.127.184.86', 'Mozilla/5.0 (Windows NT 10.0; Win64; x64) AppleWebKit/537.36 (KHTML, like Gecko) Chrome/118.0.0.0 Safari/537.36', '2023-11-01 19:49:51'),
	(262, '106.195.6.253', 'Mozilla/5.0 (Linux; Android 10; K) AppleWebKit/537.36 (KHTML, like Gecko) Chrome/115.0.0.0 Mobile Safari/537.36', '2023-11-01 19:53:53'),
	(263, '106.195.6.253', 'WhatsApp/2.23.20.0', '2023-11-01 19:54:14'),
	(264, '106.220.181.65', 'Mozilla/5.0 (Linux; Android 13; I2127) AppleWebKit/537.36 (KHTML, like Gecko) Chrome/104.0.0.0 Mobile Safari/537.36', '2023-11-01 19:54:34'),
	(265, '47.11.245.40', 'Mozilla/5.0 (Windows NT 10.0; Win64; x64) AppleWebKit/537.36 (KHTML, like Gecko) Chrome/118.0.0.0 Safari/537.36', '2023-11-01 20:06:34'),
	(266, '223.178.195.181', 'Mozilla/5.0 (Windows NT 10.0; Win64; x64) AppleWebKit/537.36 (KHTML, like Gecko) Chrome/118.0.0.0 Safari/537.36', '2023-11-01 20:12:05'),
	(267, '157.33.117.62', 'Mozilla/5.0 (Windows NT 10.0; Win64; x64) AppleWebKit/537.36 (KHTML, like Gecko) Chrome/118.0.0.0 Safari/537.36', '2023-11-01 20:15:45'),
	(268, '103.177.174.181', 'Mozilla/5.0 (Windows NT 10.0; Win64; x64) AppleWebKit/537.36 (KHTML, like Gecko) Chrome/118.0.0.0 Safari/537.36', '2023-11-01 20:16:09'),
	(269, '36.106.167.216', NULL, '2023-11-01 20:41:10'),
	(270, '223.233.68.70', 'Mozilla/5.0 (Linux; Android 10; K) AppleWebKit/537.36 (KHTML, like Gecko) Chrome/118.0.0.0 Mobile Safari/537.36', '2023-11-01 20:59:05'),
	(271, '112.94.191.204', 'Mozilla/5.0 (Windows NT 6.1) AppleWebKit/537.36 (KHTML, like Gecko) Chrome/49.0.2623.112 Safari/537.36', '2023-11-01 21:39:16'),
	(272, '223.186.98.186', 'Mozilla/5.0 (Linux; Android 11; SAMSUNG SM-M315F) AppleWebKit/537.36 (KHTML, like Gecko) SamsungBrowser/13.0 Chrome/83.0.4103.106 Mobile Safari/537.36', '2023-11-01 21:40:58'),
	(273, '115.187.62.14', 'Mozilla/5.0 (Macintosh; Intel Mac OS X 10_15_7) AppleWebKit/537.36 (KHTML, like Gecko) Chrome/118.0.0.0 Safari/537.36', '2023-11-01 21:41:50'),
	(274, '106.195.5.253', 'Mozilla/5.0 (Windows NT 10.0; Win64; x64) AppleWebKit/537.36 (KHTML, like Gecko) Chrome/118.0.0.0 Safari/537.36', '2023-11-01 21:46:58'),
	(275, '106.213.81.4', 'Mozilla/5.0 (Windows NT 10.0; Win64; x64) AppleWebKit/537.36 (KHTML, like Gecko) Chrome/118.0.0.0 Safari/537.36', '2023-11-01 21:50:47'),
	(276, '103.203.254.99', 'Mozilla/5.0 (Linux; Android 10; K) AppleWebKit/537.36 (KHTML, like Gecko) Chrome/118.0.0.0 Safari/537.36', '2023-11-01 21:57:58'),
	(277, '122.177.1.170', 'Mozilla/5.0 (Windows NT 10.0; Win64; x64) AppleWebKit/537.36 (KHTML, like Gecko) Chrome/118.0.0.0 Safari/537.36', '2023-11-01 22:14:16'),
	(278, '103.25.231.102', 'Mozilla/5.0 (Windows NT 10.0; Win64; x64) AppleWebKit/537.36 (KHTML, like Gecko) Chrome/118.0.0.0 Safari/537.36 Edg/118.0.2088.76', '2023-11-01 22:20:07'),
	(279, '203.81.243.181', 'Mozilla/5.0 (iPhone; CPU iPhone OS 17_1 like Mac OS X) AppleWebKit/605.1.15 (KHTML, like Gecko) Version/17.1 Mobile/15E148 Safari/604.1', '2023-11-01 22:25:15'),
	(280, '103.25.231.102', 'Mozilla/5.0 (iPhone; CPU iPhone OS 17_0 like Mac OS X) AppleWebKit/605.1.15 (KHTML, like Gecko) GSA/287.0.575244645 Mobile/15E148 Safari/604.1', '2023-11-01 22:27:04'),
	(281, '103.25.231.102', 'WhatsApp/2.23.21.79 i', '2023-11-01 22:27:55'),
	(282, '40.88.21.235', 'Mozilla/5.0 (compatible; DuckDuckGo-Favicons-Bot/1.0; +http://duckduckgo.com)', '2023-11-01 22:29:50'),
	(283, '103.246.41.225', 'Mozilla/5.0 (Windows NT 10.0; Win64; x64) AppleWebKit/537.36 (KHTML, like Gecko) Chrome/118.0.0.0 Safari/537.36 Edg/118.0.2088.76', '2023-11-01 22:31:00'),
	(284, '34.216.197.38', 'Mozilla/5.0 (Linux; U; Android 3.0; en-us; Xoom Build/HRI39) AppleWebKit/525.10  (KHTML, like Gecko) Version/3.0.4 Mobile Safari/523.12.2', '2023-11-01 22:52:27'),
	(285, '106.195.5.253', 'Mozilla/5.0 (Linux; Android 10; K) AppleWebKit/537.36 (KHTML, like Gecko) Chrome/115.0.0.0 Mobile Safari/537.36', '2023-11-01 23:00:08'),
	(286, '72.14.201.139', 'Mozilla/5.0 (Linux; Android 10; K) AppleWebKit/537.36 (KHTML, like Gecko) Chrome/117.0.0.0 Mobile Safari/537.36', '2023-11-01 23:09:12'),
	(287, '192.241.215.49', 'Mozilla/5.0 zgrab/0.x', '2023-11-01 23:35:50'),
	(288, '157.35.78.157', 'Mozilla/5.0 (Windows NT 10.0; Win64; x64) AppleWebKit/537.36 (KHTML, like Gecko) Chrome/118.0.0.0 Safari/537.36', '2023-11-01 23:53:17'),
	(289, '171.51.233.20', 'Mozilla/5.0 (Linux; Android 10; K) AppleWebKit/537.36 (KHTML, like Gecko) Chrome/118.0.0.0 Mobile Safari/537.36', '2023-11-02 00:09:12'),
	(290, '122.172.227.210', 'Mozilla/5.0 (Windows NT 10.0; Win64; x64) AppleWebKit/537.36 (KHTML, like Gecko) Chrome/118.0.0.0 Safari/537.36', '2023-11-02 00:16:25'),
	(291, '34.75.99.97', 'Mozilla/5.0 (iPhone; CPU iPhone OS 10_3 like Mac OS X) AppleWebKit/602.1.50 (KHTML, like Gecko) CriOS/56.0.2924.75 Mobile/14E5239e Safari/602.1', '2023-11-02 01:03:24'),
	(292, '91.92.240.54', 'Mozilla/5.0 (Linux; U; Android 4.4.2; en-US; HM NOTE 1W Build/KOT49H) AppleWebKit/534.30 (KHTML, like Gecko) Version/4.0 UCBrowser/11.0.5.850 U3/0.8.0 Mobile Safari/534.30', '2023-11-02 01:57:32'),
	(293, '44.230.252.91', 'my-tiny-bot', '2023-11-02 02:02:22'),
	(294, '106.75.14.202', 'Mozilla/5.0 (Windows NT 8_2; Win64; x64) AppleWebKit/587.37 (KHTML, like Gecko) Chrome/97.0.565 Safari/537.36', '2023-11-02 02:23:24'),
	(295, '103.21.125.80', 'Mozilla/5.0 (Linux; Android 10; K) AppleWebKit/537.36 (KHTML, like Gecko) Chrome/118.0.0.0 Mobile Safari/537.36', '2023-11-02 02:48:19'),
	(296, '205.210.31.49', 'Expanse, a Palo Alto Networks company, searches across the global IPv4 space multiple times per day to identify customers&#39; presences on the Internet. If you would like to be excluded from our scans, please send IP addresses/domains to: scaninfo@paloal', '2023-11-02 03:21:28'),
	(297, '152.58.90.75', 'Mozilla/5.0 (Linux; Android 10; K) AppleWebKit/537.36 (KHTML, like Gecko) Chrome/118.0.0.0 Mobile Safari/537.36', '2023-11-02 03:44:08'),
	(298, '165.154.182.168', 'curl/7.29.0', '2023-11-02 03:55:00'),
	(299, '152.32.211.69', 'Mozilla/5.0 (X11; Linux x86_64) AppleWebKit/574.42 (KHTML, like Gecko) Chrome/87.0.741 Safari/537.36', '2023-11-02 03:55:07'),
	(300, '100.21.24.205', 'my-tiny-bot', '2023-11-02 04:35:19'),
	(301, '49.36.192.94', 'Mozilla/5.0 (iPhone; CPU iPhone OS 17_1 like Mac OS X) AppleWebKit/605.1.15 (KHTML, like Gecko) Version/17.1 Mobile/15E148 Safari/604.1', '2023-11-02 04:50:46'),
	(302, '183.82.205.77', 'Mozilla/5.0 (Windows NT 10.0; Win64; x64) AppleWebKit/537.36 (KHTML, like Gecko) Chrome/118.0.0.0 Safari/537.36', '2023-11-02 05:38:53'),
	(303, '184.105.247.194', 'Mozilla/5.0 (Windows NT 10.0; Win64; x64) AppleWebKit/537.36 (KHTML, like Gecko) Chrome/110.0.0.0 Safari/537.36 Edg/110.0.1587.56', '2023-11-02 07:06:06'),
	(304, '103.210.134.32', 'Mozilla/5.0 (Windows NT 10.0; Win64; x64) AppleWebKit/537.36 (KHTML, like Gecko) Chrome/118.0.0.0 Safari/537.36', '2023-11-02 07:26:36'),
	(305, '152.58.232.10', 'Mozilla/5.0 (Linux; Android 13; V2142) AppleWebKit/537.36 (KHTML, like Gecko) Chrome/104.0.0.0 Mobile Safari/537.36', '2023-11-02 07:46:35'),
	(306, '106.196.18.206', 'Mozilla/5.0 (Linux; Android 10; K) AppleWebKit/537.36 (KHTML, like Gecko) Chrome/118.0.0.0 Mobile Safari/537.36', '2023-11-02 08:33:19'),
	(307, '94.156.67.93', 'Mozilla/5.0 (X11; Linux x86_64) AppleWebKit/537.36 (KHTML, like Gecko) Chrome/81.0.4044.129 Safari/537.36', '2023-11-02 08:42:56'),
	(308, '52.20.184.229', 'Mediumbot-MetaTagFetcher/0.3 (+https://medium.com/)', '2023-11-02 08:44:38'),
	(309, '61.12.83.162', 'Mozilla/5.0 (Windows NT 10.0; Win64; x64) AppleWebKit/537.36 (KHTML, like Gecko) Chrome/118.0.0.0 Safari/537.36 Edg/118.0.2088.76', '2023-11-02 08:50:47'),
	(310, '119.161.98.68', 'Mozilla/5.0 (Windows NT 10.0; Win64; x64; rv:109.0) Gecko/20100101 Firefox/119.0', '2023-11-02 08:59:55'),
	(311, '171.76.87.105', 'Mozilla/5.0 (Windows NT 10.0; Win64; x64) AppleWebKit/537.36 (KHTML, like Gecko) Chrome/118.0.0.0 Safari/537.36', '2023-11-02 09:23:40'),
	(312, '116.74.128.5', 'Mozilla/5.0 (Windows NT 10.0; Win64; x64) AppleWebKit/537.36 (KHTML, like Gecko) Chrome/109.0.0.0 Safari/537.36', '2023-11-02 09:41:01'),
	(313, '36.99.136.136', 'Mozilla/5.0 (Macintosh; Intel Mac OS X 10_15_7) AppleWebKit/537.36 (KHTML, like Gecko) Chrome/96.0.4664.110 Safari/537.36', '2023-11-02 09:55:13'),
	(314, '36.99.136.128', 'Mozilla/5.0 (Macintosh; Intel Mac OS X 11_0_0) AppleWebKit/537.36 (KHTML, like Gecko) Chrome/87.0.4280.88 Safari/537.36', '2023-11-02 09:55:17'),
	(315, '144.126.198.24', NULL, '2023-11-02 09:57:51'),
	(316, '104.131.1.32', NULL, '2023-11-02 09:57:52'),
	(317, '144.126.198.24', 'Mozilla/5.0 (Linux; Android 6.0; HTC One M9 Build/MRA981208) AppleWebKit/537.36 (KHTML, like Gecko) Chrome/52.0.1741.98 Mobile Safari/537.3', '2023-11-02 09:57:54'),
	(318, '104.131.1.32', 'Mozilla/5.0 (Linux; Android 6.0; HTC One M9 Build/MRA981208) AppleWebKit/537.36 (KHTML, like Gecko) Chrome/52.0.1741.98 Mobile Safari/537.3', '2023-11-02 09:57:57'),
	(319, '144.126.198.24', 'Go-http-client/1.1', '2023-11-02 09:58:01'),
	(320, '104.131.1.32', 'Go-http-client/1.1', '2023-11-02 09:58:07'),
	(321, '154.28.229.81', 'Mozilla/5.0 (X11; NetBSD) AppleWebKit/537.36 (KHTML, like Gecko) Chrome/27.0.1453.116 Safari/537.36', '2023-11-02 09:58:50'),
	(322, '34.134.131.80', 'Mozilla/5.0 (Windows NT 6.2; Win64; x64; rv:16.0.1) Gecko/20121011 Firefox/21.0.1', '2023-11-02 09:58:54'),
	(323, '117.99.205.59', 'Mozilla/5.0 (Windows NT 10.0; Win64; x64) AppleWebKit/537.36 (KHTML, like Gecko) Chrome/118.0.0.0 Safari/537.36', '2023-11-02 10:00:36'),
	(324, '223.186.98.186', 'WhatsApp/2.23.20.0', '2023-11-02 10:05:44'),
	(325, '103.210.49.131', 'Mozilla/5.0 (Windows NT 10.0; Win64; x64; rv:109.0) Gecko/20100101 Firefox/119.0', '2023-11-02 10:07:12'),
	(326, '223.187.55.252', 'Mozilla/5.0 (Linux; Android 10; K) AppleWebKit/537.36 (KHTML, like Gecko) Chrome/116.0.0.0 Mobile Safari/537.36', '2023-11-02 10:10:18'),
	(327, '103.203.147.186', 'Mozilla/5.0 (Windows NT 10.0; Win64; x64) AppleWebKit/537.36 (KHTML, like Gecko) Chrome/118.0.0.0 Safari/537.36', '2023-11-02 10:11:06'),
	(328, '34.254.53.125', 'Mozilla/5.0 (X11; Linux x86_64; rv:83.0) Gecko/20100101 Firefox/83.0', '2023-11-02 10:13:13'),
	(329, '34.254.53.125', 'Mozilla/5.0 (X11; Ubuntu; Linux x86_64; rv:109.0) Gecko/20100101 Firefox/118.0', '2023-11-02 10:13:14'),
	(330, '34.254.53.125', 'Mozilla/5.0 (Macintosh; Intel Mac OS X 10_9_2) AppleWebKit/537.36 (KHTML, like Gecko) Chrome/33.0.1750.152 Safari/537.36', '2023-11-02 10:13:18'),
	(331, '157.47.91.255', 'Mozilla/5.0 (Linux; Android 9; SM-N950F) AppleWebKit/537.36 (KHTML, like Gecko) Chrome/103.0.0.0 Mobile Safari/537.36', '2023-11-02 10:17:15'),
	(332, '106.195.73.56', 'Mozilla/5.0 (Linux; Android 10; K) AppleWebKit/537.36 (KHTML, like Gecko) Chrome/118.0.0.0 Mobile Safari/537.36', '2023-11-02 10:17:30'),
	(333, '157.47.91.255', 'WhatsApp/2.23.20.0', '2023-11-02 10:17:34'),
	(334, '152.58.196.102', 'Mozilla/5.0 (iPhone; CPU iPhone OS 17_0_3 like Mac OS X) AppleWebKit/605.1.15 (KHTML, like Gecko) Version/17.0.1 Mobile/15E148 Safari/604.1', '2023-11-02 10:18:29'),
	(335, '103.146.130.170', 'Mozilla/5.0 (Linux; Android 13; SAMSUNG SM-S918B) AppleWebKit/537.36 (KHTML, like Gecko) SamsungBrowser/23.0 Chrome/115.0.0.0 Mobile Safari/537.36', '2023-11-02 10:28:31'),
	(336, '219.65.83.210', 'Mozilla/5.0 (Macintosh; Intel Mac OS X 10_15_7) AppleWebKit/537.36 (KHTML, like Gecko) Chrome/118.0.0.0 Safari/537.36', '2023-11-02 10:34:51'),
	(337, '183.82.122.170', 'Mozilla/5.0 (Windows NT 10.0; Win64; x64) AppleWebKit/537.36 (KHTML, like Gecko) Chrome/118.0.0.0 Safari/537.36', '2023-11-02 10:34:57'),
	(338, '88.99.144.156', 'Mozilla/5.0 (compatible; um-LN/1.0; mailto: techinfo@ubermetrics-technologies.com; Windows NT 6.1; WOW64; rv:40.0) Gecko/20100101 Firefox/40.1', '2023-11-02 10:36:45'),
	(339, '205.169.39.86', 'Mozilla/5.0 (Windows NT 6.1; Win64; x64) AppleWebKit/537.36 (KHTML, like Gecko) Chrome/83.0.4103.61 Safari/537.36', '2023-11-02 10:43:49'),
	(340, '205.169.39.192', 'Mozilla/5.0 (Windows NT 6.1; Win64; x64) AppleWebKit/537.36 (KHTML, like Gecko) Chrome/83.0.4103.61 Safari/537.36', '2023-11-02 10:43:55'),
	(341, '65.154.226.169', 'Mozilla/5.0 (X11; Linux x86_64) AppleWebKit/537.36 (KHTML, like Gecko) HeadlessChrome/117.0.5938.88 Safari/537.36', '2023-11-02 10:43:56'),
	(342, '65.154.226.168', 'Mozilla/5.0 (X11; Linux x86_64) AppleWebKit/537.36 (KHTML, like Gecko) HeadlessChrome/117.0.5938.88 Safari/537.36', '2023-11-02 10:43:56'),
	(343, '205.169.39.86', 'Mozilla/5.0 (Windows NT 10.0; Win64; x64) AppleWebKit/537.36 (KHTML, like Gecko) Chrome/79.0.3945.79 Safari/537.36', '2023-11-02 10:44:00'),
	(344, '205.169.39.192', 'Mozilla/5.0 (Windows NT 10.0; Win64; x64) AppleWebKit/537.36 (KHTML, like Gecko) Chrome/79.0.3945.79 Safari/537.36', '2023-11-02 10:44:08');

/*!40103 SET TIME_ZONE=IFNULL(@OLD_TIME_ZONE, 'system') */;
/*!40101 SET SQL_MODE=IFNULL(@OLD_SQL_MODE, '') */;
/*!40014 SET FOREIGN_KEY_CHECKS=IFNULL(@OLD_FOREIGN_KEY_CHECKS, 1) */;
/*!40101 SET CHARACTER_SET_CLIENT=@OLD_CHARACTER_SET_CLIENT */;
/*!40111 SET SQL_NOTES=IFNULL(@OLD_SQL_NOTES, 1) */;
